xTime,Var2
01/04/1999,280.5
02/04/1999,NaN
05/04/1999,NaN
06/04/1999,278.35
07/04/1999,280.25
08/04/1999,280.4
09/04/1999,281.6
12/04/1999,282.7
13/04/1999,282.5
14/04/1999,283.85
15/04/1999,281.25
16/04/1999,283.9
19/04/1999,284.65
20/04/1999,284.55
21/04/1999,283.9
22/04/1999,283.35
23/04/1999,283.7
26/04/1999,283.1
27/04/1999,281.5
28/04/1999,282.8
29/04/1999,283.7
30/04/1999,285.85
03/05/1999,NaN
04/05/1999,285.6
05/05/1999,285.5
06/05/1999,288.1
07/05/1999,283.4
10/05/1999,280.65
11/05/1999,278.3
12/05/1999,278
13/05/1999,278.4
14/05/1999,277.2
17/05/1999,276.1
18/05/1999,274.7
19/05/1999,272.85
20/05/1999,274.4
21/05/1999,274.85
24/05/1999,272.2
25/05/1999,272.65
26/05/1999,269.5
27/05/1999,268.25
28/05/1999,271.05
31/05/1999,NaN
01/06/1999,265.5
02/06/1999,267.05
03/06/1999,263.85
04/06/1999,266.5
07/06/1999,266.35
08/06/1999,263.85
09/06/1999,262
10/06/1999,258.35
11/06/1999,259.2
14/06/1999,259.3
15/06/1999,259.65
16/06/1999,258.9
17/06/1999,259
18/06/1999,260.5
21/06/1999,259.15
22/06/1999,259.15
23/06/1999,258.7
24/06/1999,260.7
25/06/1999,261.15
28/06/1999,260
29/06/1999,260.8
30/06/1999,261.2
01/07/1999,263
02/07/1999,262.9
05/07/1999,262.85
06/07/1999,261.3
07/07/1999,256.2
08/07/1999,256.4
09/07/1999,257
12/07/1999,256.05
13/07/1999,254.25
14/07/1999,255.6
15/07/1999,253.75
16/07/1999,254.8
19/07/1999,253.15
20/07/1999,253
21/07/1999,252.9
22/07/1999,255.35
23/07/1999,254.9
26/07/1999,253.5
27/07/1999,254.2
28/07/1999,254
29/07/1999,254.5
30/07/1999,256.75
02/08/1999,255.35
03/08/1999,255.7
04/08/1999,257.5
05/08/1999,256.25
06/08/1999,255.3
09/08/1999,256.45
10/08/1999,257
11/08/1999,256.9
12/08/1999,260.2
13/08/1999,260.7
16/08/1999,259.25
17/08/1999,259
18/08/1999,261.5
19/08/1999,258.6
20/08/1999,258.6
23/08/1999,257.5
24/08/1999,254.2
25/08/1999,253.2
26/08/1999,253.15
27/08/1999,254.7
30/08/1999,NaN
31/08/1999,254.6
01/09/1999,255.45
02/09/1999,254.05
03/09/1999,255.4
06/09/1999,254.9
07/09/1999,254.9
08/09/1999,256
09/09/1999,256.8
10/09/1999,256.2
13/09/1999,256.6
14/09/1999,256.7
15/09/1999,257.4
16/09/1999,255.7
17/09/1999,255.2
20/09/1999,255.3
21/09/1999,255.2
22/09/1999,262.6
23/09/1999,263.4
24/09/1999,265.6
27/09/1999,281.7
28/09/1999,288.25
29/09/1999,317.25
30/09/1999,303.75
01/10/1999,303
04/10/1999,311.75
05/10/1999,326.25
06/10/1999,325
07/10/1999,318
08/10/1999,322.75
11/10/1999,317.75
12/10/1999,323.5
13/10/1999,320.5
14/10/1999,322.65
15/10/1999,316
18/10/1999,317.65
19/10/1999,309
20/10/1999,309.75
21/10/1999,305.5
22/10/1999,303.25
25/10/1999,302.4
26/10/1999,297.95
27/10/1999,290.4
28/10/1999,300.9
29/10/1999,298.85
01/11/1999,293.85
02/11/1999,292.05
03/11/1999,291.75
04/11/1999,292.25
05/11/1999,292
08/11/1999,289
09/11/1999,291.25
10/11/1999,291.85
11/11/1999,296.25
12/11/1999,292.8
15/11/1999,292.7
16/11/1999,292
17/11/1999,295.45
18/11/1999,293.65
19/11/1999,293.7
22/11/1999,294.4
23/11/1999,296.7
24/11/1999,297.85
25/11/1999,298.5
26/11/1999,297.2
29/11/1999,293.1
30/11/1999,292
01/12/1999,291.4
02/12/1999,289.25
03/12/1999,280.85
06/12/1999,277.25
07/12/1999,280
08/12/1999,283.3
09/12/1999,279.6
10/12/1999,278.45
13/12/1999,279.75
14/12/1999,280.3
15/12/1999,279.85
16/12/1999,280.25
17/12/1999,283.05
20/12/1999,284.25
21/12/1999,284.6
22/12/1999,287
23/12/1999,286.4
24/12/1999,287.8
27/12/1999,NaN
28/12/1999,NaN
29/12/1999,290.65
30/12/1999,290.85
31/12/1999,NaN
03/01/2000,NaN
04/01/2000,282.05
05/01/2000,282.1
06/01/2000,280.35
07/01/2000,282
10/01/2000,281.7
11/01/2000,281.7
12/01/2000,282.25
13/01/2000,282.2
14/01/2000,284.15
17/01/2000,284.9
18/01/2000,286.85
19/01/2000,288.75
20/01/2000,288.35
21/01/2000,287.7
24/01/2000,287.45
25/01/2000,288.7
26/01/2000,284.9
27/01/2000,286.5
28/01/2000,286.15
31/01/2000,283.05
01/02/2000,283.65
02/02/2000,283.1
03/02/2000,285.25
04/02/2000,287.5
07/02/2000,316.6
08/02/2000,303.15
09/02/2000,306
10/02/2000,311.25
11/02/2000,316.5
14/02/2000,308.75
15/02/2000,307
16/02/2000,300.5
17/02/2000,306.25
18/02/2000,302.25
21/02/2000,305.75
22/02/2000,305.4
23/02/2000,305.25
24/02/2000,299.9
25/02/2000,297.15
28/02/2000,292.75
29/02/2000,294
01/03/2000,293.75
02/03/2000,289
03/03/2000,289.3
06/03/2000,289.25
07/03/2000,288.35
08/03/2000,292.75
09/03/2000,289
10/03/2000,292.1
13/03/2000,289.65
14/03/2000,290.3
15/03/2000,288.7
16/03/2000,288.4
17/03/2000,285.5
20/03/2000,284.85
21/03/2000,286.15
22/03/2000,289.4
23/03/2000,286.5
24/03/2000,284.9
27/03/2000,284.35
28/03/2000,280.3
29/03/2000,279.1
30/03/2000,276.7
31/03/2000,275.9
03/04/2000,278.8
04/04/2000,276.75
05/04/2000,283.1
06/04/2000,278.85
07/04/2000,279.95
10/04/2000,281.5
11/04/2000,281.2
12/04/2000,280.25
13/04/2000,281.4
14/04/2000,280.65
17/04/2000,283.5
18/04/2000,281.8
19/04/2000,281.4
20/04/2000,280.5
21/04/2000,NaN
24/04/2000,NaN
25/04/2000,280
26/04/2000,277.7
27/04/2000,276.1
28/04/2000,275.85
01/05/2000,NaN
02/05/2000,275
03/05/2000,277.6
04/05/2000,277.3
05/05/2000,280.5
08/05/2000,277.25
09/05/2000,276.9
10/05/2000,277.8
11/05/2000,277
12/05/2000,276.2
15/05/2000,275.65
16/05/2000,275.7
17/05/2000,274.85
18/05/2000,272.5
19/05/2000,273.75
22/05/2000,274
23/05/2000,275.15
24/05/2000,273.9
25/05/2000,273
26/05/2000,270.45
29/05/2000,NaN
30/05/2000,274.4
31/05/2000,272.25
01/06/2000,272.8
02/06/2000,272.95
05/06/2000,281.7
06/06/2000,284.8
07/06/2000,286.95
08/06/2000,285.1
09/06/2000,285.15
12/06/2000,284.1
13/06/2000,293
14/06/2000,286.05
15/06/2000,289.15
16/06/2000,290.3
19/06/2000,288.1
20/06/2000,286.4
21/06/2000,286.6
22/06/2000,286.1
23/06/2000,285.3
26/06/2000,283
27/06/2000,284.2
28/06/2000,286.35
29/06/2000,290.85
30/06/2000,289.15
03/07/2000,288.05
04/07/2000,287.8
05/07/2000,287.7
06/07/2000,285.4
07/07/2000,284.15
10/07/2000,284.25
11/07/2000,283.6
12/07/2000,282.85
13/07/2000,280.65
14/07/2000,280.65
17/07/2000,282.4
18/07/2000,282.65
19/07/2000,281.8
20/07/2000,277.9
21/07/2000,280.35
24/07/2000,280.05
25/07/2000,278.75
26/07/2000,280.15
27/07/2000,280.2
28/07/2000,278.45
31/07/2000,277.4
01/08/2000,277.3
02/08/2000,277.15
03/08/2000,276.65
04/08/2000,273.3
07/08/2000,273.5
08/08/2000,274
09/08/2000,272.3
10/08/2000,272.45
11/08/2000,273.15
14/08/2000,275.45
15/08/2000,274.7
16/08/2000,275.5
17/08/2000,277.15
18/08/2000,277.15
21/08/2000,276.4
22/08/2000,274
23/08/2000,272.45
24/08/2000,272
25/08/2000,273.35
28/08/2000,NaN
29/08/2000,274
30/08/2000,272.6
31/08/2000,274.95
01/09/2000,276.6
04/09/2000,277
05/09/2000,276.2
06/09/2000,275.3
07/09/2000,272.95
08/09/2000,274.1
11/09/2000,272.6
12/09/2000,272.8
13/09/2000,272.8
14/09/2000,272.8
15/09/2000,272.85
18/09/2000,272.45
19/09/2000,272
20/09/2000,271.1
21/09/2000,269.65
22/09/2000,272.35
25/09/2000,273.55
26/09/2000,274.05
27/09/2000,274.75
28/09/2000,277.2
29/09/2000,274.1
02/10/2000,274.3
03/10/2000,272.4
04/10/2000,271.3
05/10/2000,271.35
06/10/2000,270.8
09/10/2000,270.25
10/10/2000,269.75
11/10/2000,273
12/10/2000,270.8
13/10/2000,275.85
16/10/2000,272.05
17/10/2000,270.55
18/10/2000,271.3
19/10/2000,270.5
20/10/2000,271.5
23/10/2000,271.25
24/10/2000,270.4
25/10/2000,269.3
26/10/2000,266.75
27/10/2000,266.05
30/10/2000,265.65
31/10/2000,263.8
01/11/2000,266
02/11/2000,265.75
03/11/2000,266.45
06/11/2000,265.75
07/11/2000,264.1
08/11/2000,265
09/11/2000,264.3
10/11/2000,265.15
13/11/2000,264.3
14/11/2000,264.5
15/11/2000,265.25
16/11/2000,265.4
17/11/2000,266.5
20/11/2000,265.75
21/11/2000,267.25
22/11/2000,266.45
23/11/2000,265.9
24/11/2000,266
27/11/2000,266.2
28/11/2000,269.75
29/11/2000,269
30/11/2000,267
01/12/2000,271.2
04/12/2000,271.15
05/12/2000,271.85
06/12/2000,270.85
07/12/2000,275.1
08/12/2000,273.3
11/12/2000,272.5
12/12/2000,271
13/12/2000,269.95
14/12/2000,269.7
15/12/2000,270.3
18/12/2000,270.5
19/12/2000,269.45
20/12/2000,270.2
21/12/2000,273
22/12/2000,273.95
25/12/2000,NaN
26/12/2000,NaN
27/12/2000,274.7
28/12/2000,274.6
29/12/2000,272.65
01/01/2001,NaN
02/01/2001,272.8
03/01/2001,269
04/01/2001,268.75
05/01/2001,268
08/01/2001,268.6
09/01/2001,267.75
10/01/2001,266.7
11/01/2001,264.8
12/01/2001,263.65
15/01/2001,263.35
16/01/2001,264.5
17/01/2001,263.1
18/01/2001,264.1
19/01/2001,265.75
22/01/2001,266.1
23/01/2001,267.1
24/01/2001,265.7
25/01/2001,263.6
26/01/2001,264.5
29/01/2001,263.1
30/01/2001,263.4
31/01/2001,266.2
01/02/2001,266.85
02/02/2001,268
05/02/2001,266.25
06/02/2001,264.55
07/02/2001,262.9
08/02/2001,263.4
09/02/2001,260.5
12/02/2001,260.9
13/02/2001,261.5
14/02/2001,260.9
15/02/2001,259.5
16/02/2001,256.7
19/02/2001,258.95
20/02/2001,258.3
21/02/2001,257.3
22/02/2001,258
23/02/2001,259.95
26/02/2001,262.8
27/02/2001,268.1
28/02/2001,265
01/03/2001,266.7
02/03/2001,263.35
05/03/2001,261.85
06/03/2001,262.6
07/03/2001,261.55
08/03/2001,263.6
09/03/2001,268.75
12/03/2001,270.5
13/03/2001,269.4
14/03/2001,267.45
15/03/2001,262.7
16/03/2001,260.2
19/03/2001,260.5
20/03/2001,262.6
21/03/2001,261.2
22/03/2001,262.25
23/03/2001,262.3
26/03/2001,261.3
27/03/2001,262.75
28/03/2001,261.2
29/03/2001,260.2
30/03/2001,259.05
02/04/2001,257.55
03/04/2001,257
04/04/2001,259.2
05/04/2001,258.2
06/04/2001,258.1
09/04/2001,260.9
10/04/2001,257.05
11/04/2001,258.45
12/04/2001,259.4
13/04/2001,NaN
16/04/2001,NaN
17/04/2001,262.15
18/04/2001,260.1
19/04/2001,261.35
20/04/2001,264.2
23/04/2001,262.9
24/04/2001,263.65
25/04/2001,263.95
26/04/2001,262.2
27/04/2001,264.45
30/04/2001,263.45
01/05/2001,263.8
02/05/2001,265
03/05/2001,265.3
04/05/2001,265.8
07/05/2001,NaN
08/05/2001,265.6
09/05/2001,265.2
10/05/2001,269.4
11/05/2001,268.95
14/05/2001,267.7
15/05/2001,268.05
16/05/2001,269.1
17/05/2001,271.75
18/05/2001,272.1
21/05/2001,288.35
22/05/2001,282.75
23/05/2001,283.85
24/05/2001,283.45
25/05/2001,280.65
28/05/2001,NaN
29/05/2001,276.65
30/05/2001,273.65
31/05/2001,266.1
01/06/2001,265.65
04/06/2001,266.25
05/06/2001,266.15
06/06/2001,266.95
07/06/2001,266.25
08/06/2001,267.25
11/06/2001,272.75
12/06/2001,267.9
13/06/2001,271.8
14/06/2001,272.2
15/06/2001,274.35
18/06/2001,271.5
19/06/2001,273.95
20/06/2001,272.4
21/06/2001,272.65
22/06/2001,273.2
25/06/2001,273.1
26/06/2001,273.85
27/06/2001,276
28/06/2001,271.45
29/06/2001,269.9
02/07/2001,269.1
03/07/2001,268.6
04/07/2001,267.6
05/07/2001,267.55
06/07/2001,265.2
09/07/2001,266.85
10/07/2001,267.2
11/07/2001,266.55
12/07/2001,267.55
13/07/2001,266.4
16/07/2001,268
17/07/2001,266.85
18/07/2001,268.1
19/07/2001,271.55
20/07/2001,270.1
23/07/2001,269.25
24/07/2001,268.9
25/07/2001,269.25
26/07/2001,267.15
27/07/2001,265.85
30/07/2001,266.4
31/07/2001,265.55
01/08/2001,267.7
02/08/2001,268.3
03/08/2001,267.5
06/08/2001,267.9
07/08/2001,266.7
08/08/2001,266.5
09/08/2001,269
10/08/2001,273.35
13/08/2001,275.1
14/08/2001,274.1
15/08/2001,276.35
16/08/2001,275.1
17/08/2001,276.25
20/08/2001,277.75
21/08/2001,276.95
22/08/2001,277.25
23/08/2001,274.3
24/08/2001,275.15
27/08/2001,NaN
28/08/2001,271.6
29/08/2001,272.85
30/08/2001,273.4
31/08/2001,275.35
03/09/2001,273.55
04/09/2001,272.25
05/09/2001,271.7
06/09/2001,272
07/09/2001,273.15
10/09/2001,273.2
11/09/2001,271.4
12/09/2001,279.5
13/09/2001,278.5
14/09/2001,284.5
17/09/2001,291
18/09/2001,288.65
19/09/2001,289.35
20/09/2001,288.2
21/09/2001,291.3
24/09/2001,289.65
25/09/2001,287.95
26/09/2001,291.6
27/09/2001,291.25
28/09/2001,290.85
01/10/2001,291.65
02/10/2001,291.1
03/10/2001,289.95
04/10/2001,289.15
05/10/2001,291.6
08/10/2001,292.85
09/10/2001,291.1
10/10/2001,286.5
11/10/2001,282.35
12/10/2001,282.85
15/10/2001,283.75
16/10/2001,281.25
17/10/2001,281.65
18/10/2001,282.2
19/10/2001,278.7
22/10/2001,277.55
23/10/2001,274.9
24/10/2001,276.15
25/10/2001,275.35
26/10/2001,276.95
29/10/2001,277.7
30/10/2001,280.2
31/10/2001,280.95
01/11/2001,279.45
02/11/2001,280.2
05/11/2001,278.95
06/11/2001,278.9
07/11/2001,280.5
08/11/2001,280.2
09/11/2001,277.3
12/11/2001,277.7
13/11/2001,277.65
14/11/2001,277.55
15/11/2001,276.05
16/11/2001,275.5
19/11/2001,274.2
20/11/2001,273.75
21/11/2001,273.15
22/11/2001,273.2
23/11/2001,272.55
26/11/2001,273.05
27/11/2001,273.65
28/11/2001,274.6
29/11/2001,274.65
30/11/2001,274.7
03/12/2001,275.25
04/12/2001,276.55
05/12/2001,275.75
06/12/2001,274.1
07/12/2001,274.75
10/12/2001,273.35
11/12/2001,272.6
12/12/2001,273.25
13/12/2001,273.95
14/12/2001,274.85
17/12/2001,277.8
18/12/2001,278.85
19/12/2001,278.9
20/12/2001,276.25
21/12/2001,277.8
24/12/2001,277.7
25/12/2001,NaN
26/12/2001,NaN
27/12/2001,278.05
28/12/2001,277.6
31/12/2001,276.5
01/01/2002,NaN
02/01/2002,278.1
03/01/2002,278.65
04/01/2002,278.95
07/01/2002,279.65
08/01/2002,278.2
09/01/2002,279.35
10/01/2002,287
11/01/2002,286.6
14/01/2002,286.4
15/01/2002,283.85
16/01/2002,287.95
17/01/2002,285.15
18/01/2002,283.7
21/01/2002,282.65
22/01/2002,283.35
23/01/2002,281.6
24/01/2002,279.05
25/01/2002,279
28/01/2002,279.35
29/01/2002,277.8
30/01/2002,280.95
31/01/2002,281.5
01/02/2002,282
04/02/2002,285.8
05/02/2002,290.35
06/02/2002,297.45
07/02/2002,300.35
08/02/2002,305.1
11/02/2002,301.5
12/02/2002,298.9
13/02/2002,298.6
14/02/2002,298.1
15/02/2002,300.4
18/02/2002,298.5
19/02/2002,297.25
20/02/2002,294.2
21/02/2002,291.15
22/02/2002,293.35
25/02/2002,291.8
26/02/2002,293
27/02/2002,299.3
28/02/2002,296.55
01/03/2002,295.8
04/03/2002,299.55
05/03/2002,296.6
06/03/2002,294.35
07/03/2002,292.15
08/03/2002,289.3
11/03/2002,291.75
12/03/2002,292
13/03/2002,293.75
14/03/2002,292.7
15/03/2002,291
18/03/2002,291
19/03/2002,293.2
20/03/2002,292.7
21/03/2002,292.25
22/03/2002,293.65
25/03/2002,297.7
26/03/2002,297.1
27/03/2002,297.5
28/03/2002,303
29/03/2002,NaN
01/04/2002,NaN
02/04/2002,302.65
03/04/2002,304.95
04/04/2002,301.5
05/04/2002,300.8
08/04/2002,298.5
09/04/2002,299.3
10/04/2002,297.8
11/04/2002,301.8
12/04/2002,301.65
15/04/2002,301.8
16/04/2002,299.35
17/04/2002,300.15
18/04/2002,302.3
19/04/2002,303.7
22/04/2002,303.35
23/04/2002,303.25
24/04/2002,304.5
25/04/2002,305.1
26/04/2002,307.65
29/04/2002,310.65
30/04/2002,309.35
01/05/2002,308.3
02/05/2002,308.1
03/05/2002,308.85
06/05/2002,NaN
07/05/2002,312.65
08/05/2002,310.9
09/05/2002,308.75
10/05/2002,310.65
13/05/2002,311.6
14/05/2002,309.95
15/05/2002,307.5
16/05/2002,309.05
17/05/2002,310.65
20/05/2002,311.8
21/05/2002,315.1
22/05/2002,318.25
23/05/2002,316.25
24/05/2002,320.9
27/05/2002,320.8
28/05/2002,321.4
29/05/2002,325.2
30/05/2002,324.65
31/05/2002,327.25
03/06/2002,NaN
04/06/2002,NaN
05/06/2002,324.5
06/06/2002,322.9
07/06/2002,326.55
10/06/2002,323.1
11/06/2002,319
12/06/2002,319.55
13/06/2002,317.6
14/06/2002,319.7
17/06/2002,317.95
18/06/2002,318.05
19/06/2002,321.85
20/06/2002,320.85
21/06/2002,323.5
24/06/2002,326.35
25/06/2002,323.1
26/06/2002,324.6
27/06/2002,319.45
28/06/2002,319.05
01/07/2002,312.3
02/07/2002,312.9
03/07/2002,312.85
04/07/2002,310.9
05/07/2002,310.75
08/07/2002,313
09/07/2002,312.45
10/07/2002,315.95
11/07/2002,314.5
12/07/2002,316.5
15/07/2002,316.35
16/07/2002,320.35
17/07/2002,317.75
18/07/2002,316.6
19/07/2002,319.15
22/07/2002,324
23/07/2002,320.3
24/07/2002,313.6
25/07/2002,310.25
26/07/2002,308.6
29/07/2002,303.05
30/07/2002,304.45
31/07/2002,305.5
01/08/2002,300.65
02/08/2002,306.5
05/08/2002,307.6
06/08/2002,306.75
07/08/2002,307.8
08/08/2002,312.95
09/08/2002,309.6
12/08/2002,316.25
13/08/2002,314.7
14/08/2002,316.25
15/08/2002,312.7
16/08/2002,314.55
19/08/2002,313.05
20/08/2002,307.6
21/08/2002,308.35
22/08/2002,306.45
23/08/2002,305.8
26/08/2002,NaN
27/08/2002,309.4
28/08/2002,310.95
29/08/2002,310.65
30/08/2002,312.4
02/09/2002,312.25
03/09/2002,313.5
04/09/2002,312.7
05/09/2002,316.2
06/09/2002,317.9
09/09/2002,322.2
10/09/2002,318.35
11/09/2002,317.15
12/09/2002,318
13/09/2002,318.5
16/09/2002,316.55
17/09/2002,315.3
18/09/2002,317.6
19/09/2002,320.15
20/09/2002,321.55
23/09/2002,323.45
24/09/2002,323.3
25/09/2002,325.25
26/09/2002,322.35
27/09/2002,320.15
30/09/2002,322.4
01/10/2002,322.6
02/10/2002,320.4
03/10/2002,322.7
04/10/2002,321.65
07/10/2002,322.35
08/10/2002,320.7
09/10/2002,318.8
10/10/2002,319.5
11/10/2002,317.1
14/10/2002,318
15/10/2002,317.5
16/10/2002,314
17/10/2002,312.8
18/10/2002,312.45
21/10/2002,313.4
22/10/2002,311.65
23/10/2002,313.4
24/10/2002,311.1
25/10/2002,312.3
28/10/2002,313.3
29/10/2002,316.35
30/10/2002,316.8
31/10/2002,316.35
01/11/2002,318.75
04/11/2002,317.2
05/11/2002,318.9
06/11/2002,317.5
07/11/2002,319.7
08/11/2002,322.55
11/11/2002,321.1
12/11/2002,321.9
13/11/2002,323.2
14/11/2002,318.6
15/11/2002,318.5
18/11/2002,319.8
19/11/2002,319.8
20/11/2002,319
21/11/2002,318.4
22/11/2002,318.2
25/11/2002,319.5
26/11/2002,318
27/11/2002,318.2
28/11/2002,317.3
29/11/2002,318.25
02/12/2002,317.3
03/12/2002,317.7
04/12/2002,320.7
05/12/2002,322.1
06/12/2002,325.3
09/12/2002,325.3
10/12/2002,325.95
11/12/2002,323.75
12/12/2002,326.15
13/12/2002,333.5
16/12/2002,332.9
17/12/2002,341
18/12/2002,337.05
19/12/2002,345.75
20/12/2002,343.1
23/12/2002,343.9
24/12/2002,345
25/12/2002,NaN
26/12/2002,NaN
27/12/2002,348.3
30/12/2002,348.5
31/12/2002,342.75
01/01/2003,NaN
02/01/2003,342.2
03/01/2003,344
06/01/2003,356.1
07/01/2003,348.7
08/01/2003,346.75
09/01/2003,354.6
10/01/2003,353.15
13/01/2003,352.35
14/01/2003,353.75
15/01/2003,351.9
16/01/2003,350.85
17/01/2003,358.2
20/01/2003,355.8
21/01/2003,355.55
22/01/2003,359.25
23/01/2003,363.3
24/01/2003,364.1
27/01/2003,370.8
28/01/2003,366.45
29/01/2003,369.85
30/01/2003,363
31/01/2003,370.35
03/02/2003,369
04/02/2003,374.85
05/02/2003,385
06/02/2003,372.5
07/02/2003,370.55
10/02/2003,371.75
11/02/2003,362.15
12/02/2003,363.15
13/02/2003,354.25
14/02/2003,356.25
17/02/2003,346.55
18/02/2003,347
19/02/2003,347.2
20/02/2003,351.1
21/02/2003,354
24/02/2003,352.9
25/02/2003,359.1
26/02/2003,352.55
27/02/2003,354
28/02/2003,347.65
03/03/2003,348.45
04/03/2003,352.4
05/03/2003,354.5
06/03/2003,353.25
07/03/2003,356.6
10/03/2003,353.1
11/03/2003,353.15
12/03/2003,349
13/03/2003,342.9
14/03/2003,335.5
17/03/2003,340.5
18/03/2003,334.9
19/03/2003,339
20/03/2003,335.5
21/03/2003,332.55
24/03/2003,330.15
25/03/2003,333
26/03/2003,329.6
27/03/2003,333.15
28/03/2003,330.3
31/03/2003,335.35
01/04/2003,335.65
02/04/2003,330.25
03/04/2003,324.7
04/04/2003,323.2
07/04/2003,319.75
08/04/2003,322.3
09/04/2003,324.1
10/04/2003,325.1
11/04/2003,325.05
14/04/2003,325.6
15/04/2003,323.7
16/04/2003,323.85
17/04/2003,326.1
18/04/2003,NaN
21/04/2003,NaN
22/04/2003,333.25
23/04/2003,333.8
24/04/2003,332
25/04/2003,333.4
28/04/2003,333.75
29/04/2003,332.6
30/04/2003,336
01/05/2003,338.95
02/05/2003,341.25
05/05/2003,NaN
06/05/2003,342.65
07/05/2003,343
08/05/2003,341.4
09/05/2003,348.7
12/05/2003,350.35
13/05/2003,350.75
14/05/2003,348.9
15/05/2003,353.85
16/05/2003,352.55
19/05/2003,359.75
20/05/2003,368
21/05/2003,364.9
22/05/2003,369.6
23/05/2003,369.7
26/05/2003,NaN
27/05/2003,372.35
28/05/2003,364.55
29/05/2003,361.1
30/05/2003,365.8
02/06/2003,361.3
03/06/2003,365.3
04/06/2003,365.3
05/06/2003,362.6
06/06/2003,367.35
09/06/2003,362.8
10/06/2003,359.4
11/06/2003,354.15
12/06/2003,354.2
13/06/2003,353.95
16/06/2003,359
17/06/2003,359.75
18/06/2003,361.25
19/06/2003,356.45
20/06/2003,359.6
23/06/2003,356.05
24/06/2003,354.35
25/06/2003,347.85
26/06/2003,345.85
27/06/2003,343.5
30/06/2003,345.15
01/07/2003,348.55
02/07/2003,351.2
03/07/2003,349.6
04/07/2003,351.1
07/07/2003,350.25
08/07/2003,345.3
09/07/2003,345.45
10/07/2003,343.4
11/07/2003,344.2
14/07/2003,344.5
15/07/2003,348.5
16/07/2003,343
17/07/2003,344.6
18/07/2003,344
21/07/2003,347.8
22/07/2003,352.25
23/07/2003,352.2
24/07/2003,359.8
25/07/2003,361.1
28/07/2003,361.95
29/07/2003,364
30/07/2003,359.1
31/07/2003,355.75
01/08/2003,353.05
04/08/2003,348.95
05/08/2003,349.5
06/08/2003,352.65
07/08/2003,350.15
08/08/2003,353.5
11/08/2003,357
12/08/2003,360
13/08/2003,356
14/08/2003,362.25
15/08/2003,363.3
18/08/2003,361.3
19/08/2003,358.3
20/08/2003,362.2
21/08/2003,364
22/08/2003,360.75
25/08/2003,NaN
26/08/2003,360.75
27/08/2003,364.3
28/08/2003,370.9
29/08/2003,371
01/09/2003,376.35
02/09/2003,375.5
03/09/2003,372.2
04/09/2003,373
05/09/2003,371
08/09/2003,376.4
09/09/2003,378.2
10/09/2003,381.15
11/09/2003,379.05
12/09/2003,377.5
15/09/2003,375.3
16/09/2003,374.9
17/09/2003,372.9
18/09/2003,376.95
19/09/2003,376.3
22/09/2003,386.2
23/09/2003,386.45
24/09/2003,385.25
25/09/2003,391.85
26/09/2003,384.1
29/09/2003,379.85
30/09/2003,384.5
01/10/2003,385
02/10/2003,385.15
03/10/2003,383.95
06/10/2003,372.75
07/10/2003,376.2
08/10/2003,376.6
09/10/2003,376.45
10/10/2003,370.35
13/10/2003,370.8
14/10/2003,373.65
15/10/2003,374.5
16/10/2003,371.2
17/10/2003,371.8
20/10/2003,371.45
21/10/2003,374.8
22/10/2003,381.55
23/10/2003,386.75
24/10/2003,384.6
27/10/2003,386.75
28/10/2003,386.55
29/10/2003,382.7
30/10/2003,391
31/10/2003,384.6
03/11/2003,383.25
04/11/2003,378.3
05/11/2003,382.15
06/11/2003,381.9
07/11/2003,381
10/11/2003,382.85
11/11/2003,386.4
12/11/2003,388.05
13/11/2003,395.5
14/11/2003,395.35
17/11/2003,398
18/11/2003,392.4
19/11/2003,397.15
20/11/2003,395.75
21/11/2003,393.85
24/11/2003,394.25
25/11/2003,391.5
26/11/2003,392
27/11/2003,396.25
28/11/2003,398.1
01/12/2003,398.75
02/12/2003,401.05
03/12/2003,403.3
04/12/2003,402.4
05/12/2003,402
08/12/2003,408.75
09/12/2003,408.25
10/12/2003,407.3
11/12/2003,404
12/12/2003,406.6
15/12/2003,404.5
16/12/2003,409.7
17/12/2003,407.5
18/12/2003,410.75
19/12/2003,408.75
22/12/2003,410.8
23/12/2003,409.6
24/12/2003,410.8
25/12/2003,NaN
26/12/2003,NaN
29/12/2003,413.5
30/12/2003,415.6
31/12/2003,417.25
01/01/2004,NaN
02/01/2004,415.2
05/01/2004,417.75
06/01/2004,428
07/01/2004,420.65
08/01/2004,418.1
09/01/2004,422.8
12/01/2004,428.2
13/01/2004,424.5
14/01/2004,421
15/01/2004,415.5
16/01/2004,410.3
19/01/2004,407.1
20/01/2004,408.3
21/01/2004,411.25
22/01/2004,412
23/01/2004,411.4
26/01/2004,406.2
27/01/2004,404
28/01/2004,410.7
29/01/2004,410.15
30/01/2004,401.3
02/02/2004,401.85
03/02/2004,401.75
04/02/2004,399.6
05/02/2004,399.3
06/02/2004,396.4
09/02/2004,406.7
10/02/2004,408.35
11/02/2004,406.4
12/02/2004,411.4
13/02/2004,412.1
16/02/2004,410.7
17/02/2004,413.7
18/02/2004,415.9
19/02/2004,410.2
20/02/2004,408.25
23/02/2004,399.85
24/02/2004,401.45
25/02/2004,403.4
26/02/2004,395.05
27/02/2004,392.25
01/03/2004,398.5
02/03/2004,398.6
03/03/2004,390.35
04/03/2004,394.15
05/03/2004,393.5
08/03/2004,399.4
09/03/2004,401.2
10/03/2004,400.8
11/03/2004,397.4
12/03/2004,400.75
15/03/2004,399
16/03/2004,399.6
17/03/2004,402
18/03/2004,407.15
19/03/2004,411
22/03/2004,414.1
23/03/2004,415.2
24/03/2004,417.6
25/03/2004,416.6
26/03/2004,417.5
29/03/2004,420.9
30/03/2004,419.15
31/03/2004,423
01/04/2004,425.3
02/04/2004,426.1
05/04/2004,420.55
06/04/2004,416.95
07/04/2004,419.25
08/04/2004,422
09/04/2004,NaN
12/04/2004,NaN
13/04/2004,417.45
14/04/2004,405.75
15/04/2004,398
16/04/2004,399.75
19/04/2004,405.3
20/04/2004,398.8
21/04/2004,393.75
22/04/2004,391.35
23/04/2004,396.25
26/04/2004,396.5
27/04/2004,397.15
28/04/2004,396.75
29/04/2004,382.75
30/04/2004,387.3
03/05/2004,NaN
04/05/2004,389.75
05/05/2004,394.3
06/05/2004,392
07/05/2004,386.85
10/05/2004,374.1
11/05/2004,378
12/05/2004,381.15
13/05/2004,375.5
14/05/2004,373.5
17/05/2004,380.8
18/05/2004,379
19/05/2004,380.2
20/05/2004,380.45
21/05/2004,382.25
24/05/2004,383.85
25/05/2004,387.6
26/05/2004,390.5
27/05/2004,391.45
28/05/2004,393.85
31/05/2004,NaN
01/06/2004,395.85
02/06/2004,395.85
03/06/2004,391.4
04/06/2004,388.1
07/06/2004,393.45
08/06/2004,394.95
09/06/2004,389.3
10/06/2004,384.25
11/06/2004,384.55
14/06/2004,382.9
15/06/2004,382.3
16/06/2004,387.75
17/06/2004,386
18/06/2004,388.7
21/06/2004,393.85
22/06/2004,394.6
23/06/2004,395.25
24/06/2004,396.75
25/06/2004,401.15
28/06/2004,401.7
29/06/2004,396.75
30/06/2004,393.75
01/07/2004,394.5
02/07/2004,394.7
05/07/2004,398.4
06/07/2004,398.4
07/07/2004,397.35
08/07/2004,402.2
09/07/2004,406.6
12/07/2004,408.55
13/07/2004,404.25
14/07/2004,403.3
15/07/2004,403.9
16/07/2004,403.7
19/07/2004,406.95
20/07/2004,405.5
21/07/2004,401.1
22/07/2004,395
23/07/2004,392.85
26/07/2004,391.65
27/07/2004,392.25
28/07/2004,386.2
29/07/2004,388.75
30/07/2004,389.6
02/08/2004,393.25
03/08/2004,390.6
04/08/2004,392.7
05/08/2004,391.8
06/08/2004,392.25
09/08/2004,398.6
10/08/2004,399.05
11/08/2004,396.25
12/08/2004,396.25
13/08/2004,392.75
16/08/2004,399.3
17/08/2004,401.45
18/08/2004,403.2
19/08/2004,406.3
20/08/2004,405.8
23/08/2004,409.95
24/08/2004,406.9
25/08/2004,405.5
26/08/2004,405.95
27/08/2004,406.85
30/08/2004,NaN
31/08/2004,408.1
01/09/2004,408
02/09/2004,407.8
03/09/2004,405.8
06/09/2004,401.6
07/09/2004,401.8
08/09/2004,398.1
09/09/2004,399.25
10/09/2004,400.65
13/09/2004,400.75
14/09/2004,403.5
15/09/2004,404.8
16/09/2004,404.4
17/09/2004,404.6
20/09/2004,404.15
21/09/2004,405.45
22/09/2004,407.5
23/09/2004,408.05
24/09/2004,409.45
27/09/2004,409
28/09/2004,410.3
29/09/2004,411.55
30/09/2004,412.35
01/10/2004,418.15
04/10/2004,416.85
05/10/2004,414.25
06/10/2004,417.95
07/10/2004,417.9
08/10/2004,418.05
11/10/2004,421.75
12/10/2004,418.2
13/10/2004,412.45
14/10/2004,414.65
15/10/2004,417.8
18/10/2004,418.5
19/10/2004,416.25
20/10/2004,421.7
21/10/2004,425.5
22/10/2004,422.4
25/10/2004,429
26/10/2004,427.15
27/10/2004,425.85
28/10/2004,423.85
29/10/2004,426.2
01/11/2004,428.1
02/11/2004,425.1
03/11/2004,422.2
04/11/2004,426.3
05/11/2004,428.75
08/11/2004,432.95
09/11/2004,432.3
10/11/2004,435.1
11/11/2004,433.35
12/11/2004,436.9
15/11/2004,439.5
16/11/2004,437.95
17/11/2004,444.5
18/11/2004,444.3
19/11/2004,443.7
22/11/2004,447
23/11/2004,447
24/11/2004,448.65
25/11/2004,451.7
26/11/2004,451.55
29/11/2004,450.4
30/11/2004,452
01/12/2004,451.1
02/12/2004,454.35
03/12/2004,449.15
06/12/2004,455.75
07/12/2004,453.75
08/12/2004,445.75
09/12/2004,437.35
10/12/2004,433.9
13/12/2004,436.95
14/12/2004,438.6
15/12/2004,437.8
16/12/2004,441.25
17/12/2004,439.2
20/12/2004,441.75
21/12/2004,441.85
22/12/2004,442.7
23/12/2004,442.4
24/12/2004,442.2
27/12/2004,NaN
28/12/2004,NaN
29/12/2004,443.5
30/12/2004,435.15
31/12/2004,438
03/01/2005,NaN
04/01/2005,426.8
05/01/2005,425.5
06/01/2005,425.8
07/01/2005,423.15
10/01/2005,421.25
11/01/2005,422.55
12/01/2005,421.7
13/01/2005,424.65
14/01/2005,421.7
17/01/2005,422.85
18/01/2005,422.55
19/01/2005,424.1
20/01/2005,421.7
21/01/2005,423.3
24/01/2005,427.6
25/01/2005,426.2
26/01/2005,423.7
27/01/2005,426.3
28/01/2005,426.4
31/01/2005,423.8
01/02/2005,421.15
02/02/2005,421.9
03/02/2005,419.8
04/02/2005,416.5
07/02/2005,414.5
08/02/2005,411.5
09/02/2005,413.2
10/02/2005,413.5
11/02/2005,417.05
14/02/2005,422.8
15/02/2005,424.6
16/02/2005,424.15
17/02/2005,426.6
18/02/2005,426.55
21/02/2005,427.1
22/02/2005,430.75
23/02/2005,433.25
24/02/2005,434.75
25/02/2005,432.4
28/02/2005,436.55
01/03/2005,434.65
02/03/2005,429.15
03/03/2005,433.25
04/03/2005,429.65
07/03/2005,433.6
08/03/2005,434.85
09/03/2005,439.9
10/03/2005,440.2
11/03/2005,440.95
14/03/2005,442.75
15/03/2005,442
16/03/2005,441.2
17/03/2005,442.65
18/03/2005,436.65
21/03/2005,436.25
22/03/2005,430.65
23/03/2005,427.25
24/03/2005,424.9
25/03/2005,NaN
28/03/2005,NaN
29/03/2005,426.95
30/03/2005,426.5
31/03/2005,427.5
01/04/2005,427.45
04/04/2005,425.95
05/04/2005,423.7
06/04/2005,426.6
07/04/2005,426.4
08/04/2005,425.4
11/04/2005,428.1
12/04/2005,429.15
13/04/2005,428.85
14/04/2005,427.2
15/04/2005,423.65
18/04/2005,425.65
19/04/2005,426.9
20/04/2005,432.4
21/04/2005,433.4
22/04/2005,433.4
25/04/2005,433
26/04/2005,434.7
27/04/2005,434.1
28/04/2005,432.75
29/04/2005,433.2
02/05/2005,NaN
03/05/2005,429.2
04/05/2005,429.2
05/05/2005,430.5
06/05/2005,429.7
09/05/2005,425.8
10/05/2005,426.9
11/05/2005,428.35
12/05/2005,426.25
13/05/2005,421.45
16/05/2005,419.9
17/05/2005,420.35
18/05/2005,419.4
19/05/2005,421.75
20/05/2005,420.7
23/05/2005,417.6
24/05/2005,418.25
25/05/2005,418.5
26/05/2005,418.75
27/05/2005,418.6
30/05/2005,NaN
31/05/2005,416.9
01/06/2005,416.1
02/06/2005,417.2
03/06/2005,423.2
06/06/2005,424.8
07/06/2005,426.6
08/06/2005,424.9
09/06/2005,423.55
10/06/2005,422.75
13/06/2005,425.6
14/06/2005,426.95
15/06/2005,426.65
16/06/2005,431.3
17/06/2005,436.05
20/06/2005,440.5
21/06/2005,434.35
22/06/2005,437.5
23/06/2005,437.15
24/06/2005,442.95
27/06/2005,439.35
28/06/2005,437.5
29/06/2005,434.9
30/06/2005,436.8
01/07/2005,434.2
04/07/2005,427.6
05/07/2005,426
06/07/2005,423.85
07/07/2005,427.85
08/07/2005,423.75
11/07/2005,425
12/07/2005,426.95
13/07/2005,425.55
14/07/2005,422.5
15/07/2005,419.6
18/07/2005,421.6
19/07/2005,420
20/07/2005,420.65
21/07/2005,423.65
22/07/2005,426.35
25/07/2005,424.85
26/07/2005,424.5
27/07/2005,422.75
28/07/2005,425.3
29/07/2005,427.15
01/08/2005,431.35
02/08/2005,431.85
03/08/2005,433.6
04/08/2005,435.6
05/08/2005,437.5
08/08/2005,436.85
09/08/2005,434.7
10/08/2005,436.3
11/08/2005,437.8
12/08/2005,447.25
15/08/2005,442.6
16/08/2005,440.85
17/08/2005,444.25
18/08/2005,439
19/08/2005,439.25
22/08/2005,437.5
23/08/2005,439.85
24/08/2005,438.25
25/08/2005,439
26/08/2005,438.5
29/08/2005,NaN
30/08/2005,436.15
31/08/2005,433
01/09/2005,435.5
02/09/2005,446.3
05/09/2005,445.6
06/09/2005,443.5
07/09/2005,444.5
08/09/2005,444.8
09/09/2005,446.7
12/09/2005,449.15
13/09/2005,448.7
14/09/2005,447.85
15/09/2005,449.1
16/09/2005,458.1
19/09/2005,461.95
20/09/2005,470
21/09/2005,467
22/09/2005,472.75
23/09/2005,464.5
26/09/2005,461.05
27/09/2005,465.65
28/09/2005,462
29/09/2005,472.5
30/09/2005,473.4
03/10/2005,465
04/10/2005,467.5
05/10/2005,465.25
06/10/2005,466.3
07/10/2005,472
10/10/2005,477.5
11/10/2005,475.5
12/10/2005,478.5
13/10/2005,471.25
14/10/2005,470.7
17/10/2005,472.35
18/10/2005,473
19/10/2005,468.4
20/10/2005,464
21/10/2005,463.15
24/10/2005,463.75
25/10/2005,467
26/10/2005,471.55
27/10/2005,473.25
28/10/2005,473.65
31/10/2005,472.65
01/11/2005,465.55
02/11/2005,461.65
03/11/2005,464.8
04/11/2005,461.35
07/11/2005,457.6
08/11/2005,457.15
09/11/2005,462.6
10/11/2005,467
11/11/2005,465.9
14/11/2005,469.75
15/11/2005,467.55
16/11/2005,470.65
17/11/2005,480.75
18/11/2005,487.9
21/11/2005,488
22/11/2005,493
23/11/2005,488.85
24/11/2005,492.75
25/11/2005,495.7
28/11/2005,497.3
29/11/2005,497.1
30/11/2005,493.8
01/12/2005,494.4
02/12/2005,504.75
05/12/2005,505
06/12/2005,508.25
07/12/2005,512.3
08/12/2005,514.85
09/12/2005,524.75
12/12/2005,537.5
13/12/2005,522.8
14/12/2005,513.75
15/12/2005,502.4
16/12/2005,502.5
19/12/2005,507.45
20/12/2005,505.75
21/12/2005,494.5
22/12/2005,494.75
23/12/2005,503.6
26/12/2005,NaN
27/12/2005,NaN
28/12/2005,509.15
29/12/2005,517
30/12/2005,513
02/01/2006,NaN
03/01/2006,520.75
04/01/2006,534.35
05/01/2006,531.6
06/01/2006,529.5
09/01/2006,541
10/01/2006,545.25
11/01/2006,542.25
12/01/2006,547.5
13/01/2006,547.25
16/01/2006,559.4
17/01/2006,558.05
18/01/2006,544.75
19/01/2006,547.7
20/01/2006,559.25
23/01/2006,558.5
24/01/2006,556.65
25/01/2006,562.25
26/01/2006,562.25
27/01/2006,559.75
30/01/2006,560.3
31/01/2006,569.8
01/02/2006,567.2
02/02/2006,571.85
03/02/2006,571.85
06/02/2006,570
07/02/2006,568.25
08/02/2006,548.65
09/02/2006,559
10/02/2006,558.75
13/02/2006,546.6
14/02/2006,540.5
15/02/2006,544.3
16/02/2006,540.65
17/02/2006,545.75
20/02/2006,556
21/02/2006,553.4
22/02/2006,551.75
23/02/2006,552.5
24/02/2006,550.75
27/02/2006,556.1
28/02/2006,556.5
01/03/2006,562.6
02/03/2006,563.75
03/03/2006,568.6
06/03/2006,568
07/03/2006,555.25
08/03/2006,548.6
09/03/2006,547.25
10/03/2006,545.4
13/03/2006,545.25
14/03/2006,545.25
15/03/2006,551.25
16/03/2006,553.25
17/03/2006,555.5
20/03/2006,554.25
21/03/2006,553
22/03/2006,548.5
23/03/2006,548
24/03/2006,549.75
27/03/2006,564
28/03/2006,563.75
29/03/2006,562.25
30/03/2006,578.5
31/03/2006,584
03/04/2006,585.5
04/04/2006,585
05/04/2006,583.85
06/04/2006,595.5
07/04/2006,597
10/04/2006,597.5
11/04/2006,599.5
12/04/2006,596.75
13/04/2006,597
14/04/2006,NaN
17/04/2006,NaN
18/04/2006,616.75
19/04/2006,623.75
20/04/2006,644.5
21/04/2006,623.5
24/04/2006,634
25/04/2006,627.75
26/04/2006,630.75
27/04/2006,636.5
28/04/2006,638.25
01/05/2006,NaN
02/05/2006,657.75
03/05/2006,675.25
04/05/2006,664.65
05/05/2006,682
08/05/2006,682
09/05/2006,679.75
10/05/2006,704.3
11/05/2006,707
12/05/2006,725.75
15/05/2006,693
16/05/2006,681
17/05/2006,713
18/05/2006,688
19/05/2006,682
22/05/2006,645.5
23/05/2006,661.7
24/05/2006,667.5
25/05/2006,643.75
26/05/2006,652
29/05/2006,NaN
30/05/2006,652.25
31/05/2006,654
01/06/2006,633.25
02/06/2006,630.8
05/06/2006,644.5
06/06/2006,634.6
07/06/2006,623.5
08/06/2006,619
09/06/2006,612.25
12/06/2006,607.75
13/06/2006,590.75
14/06/2006,567.25
15/06/2006,574.25
16/06/2006,581.5
19/06/2006,569.75
20/06/2006,571
21/06/2006,576.5
22/06/2006,594.4
23/06/2006,582.6
26/06/2006,586.25
27/06/2006,587.7
28/06/2006,584
29/06/2006,581.75
30/06/2006,600.4
03/07/2006,619.5
04/07/2006,620.9
05/07/2006,625.75
06/07/2006,623.75
07/07/2006,631
10/07/2006,624.5
11/07/2006,628.35
12/07/2006,642
13/07/2006,648.8
14/07/2006,660.4
17/07/2006,671.5
18/07/2006,647.5
19/07/2006,626
20/07/2006,642.9
21/07/2006,626.75
24/07/2006,616.4
25/07/2006,618.75
26/07/2006,617.75
27/07/2006,634.2
28/07/2006,631.25
31/07/2006,637
01/08/2006,635.5
02/08/2006,648.25
03/08/2006,646.25
04/08/2006,644.5
07/08/2006,647.25
08/08/2006,645.4
09/08/2006,640.5
10/08/2006,650.5
11/08/2006,641.55
14/08/2006,628
15/08/2006,624.75
16/08/2006,626
17/08/2006,630.75
18/08/2006,614.75
21/08/2006,621.5
22/08/2006,626.5
23/08/2006,623.5
24/08/2006,623.5
25/08/2006,622
28/08/2006,NaN
29/08/2006,616.85
30/08/2006,614.7
31/08/2006,621.75
01/09/2006,624
04/09/2006,626.75
05/09/2006,629.75
06/09/2006,636.7
07/09/2006,634
08/09/2006,611.5
11/09/2006,597.1
12/09/2006,596
13/09/2006,581.5
14/09/2006,593.4
15/09/2006,578.6
18/09/2006,581.5
19/09/2006,582.5
20/09/2006,576.25
21/09/2006,580.5
22/09/2006,592
25/09/2006,589.5
26/09/2006,591.25
27/09/2006,595.1
28/09/2006,603.5
29/09/2006,601.75
02/10/2006,602
03/10/2006,593
04/10/2006,578.5
05/10/2006,568.25
06/10/2006,570.6
09/10/2006,578.25
10/10/2006,577.25
11/10/2006,574
12/10/2006,575.9
13/10/2006,577.9
16/10/2006,593
17/10/2006,594.9
18/10/2006,595.25
19/10/2006,589.75
20/10/2006,598
23/10/2006,588.5
24/10/2006,578.4
25/10/2006,581.6
26/10/2006,591.8
27/10/2006,593.75
30/10/2006,604.75
31/10/2006,600.9
01/11/2006,611.25
02/11/2006,615.75
03/11/2006,625.65
06/11/2006,625.75
07/11/2006,625.75
08/11/2006,625.5
09/11/2006,618
10/11/2006,632.25
13/11/2006,628.5
14/11/2006,623.4
15/11/2006,620.25
16/11/2006,624.5
17/11/2006,618.25
20/11/2006,624
21/11/2006,625
22/11/2006,627.75
23/11/2006,630.7
24/11/2006,636
27/11/2006,637.5
28/11/2006,637.75
29/11/2006,638.25
30/11/2006,638.4
01/12/2006,644.4
04/12/2006,644.8
05/12/2006,643
06/12/2006,636.75
07/12/2006,630.5
08/12/2006,630.9
11/12/2006,625.5
12/12/2006,629.5
13/12/2006,629
14/12/2006,628.75
15/12/2006,626
18/12/2006,617.5
19/12/2006,616
20/12/2006,623.4
21/12/2006,622
22/12/2006,619.75
25/12/2006,NaN
26/12/2006,NaN
27/12/2006,628.3
28/12/2006,629
29/12/2006,635.7
01/01/2007,NaN
02/01/2007,640.75
03/01/2007,636.75
04/01/2007,625.25
05/01/2007,626
08/01/2007,608.3
09/01/2007,612
10/01/2007,610.75
11/01/2007,613.5
12/01/2007,614.1
15/01/2007,628.25
16/01/2007,625.6
17/01/2007,623.25
18/01/2007,632.8
19/01/2007,629
22/01/2007,635.1
23/01/2007,637.5
24/01/2007,643
25/01/2007,648.75
26/01/2007,645.7
29/01/2007,643.4
30/01/2007,642.25
31/01/2007,645.75
01/02/2007,652.55
02/02/2007,654.75
05/02/2007,648
06/02/2007,653.9
07/02/2007,655.25
08/02/2007,650.55
09/02/2007,657.85
12/02/2007,663.35
13/02/2007,664.75
14/02/2007,668.25
15/02/2007,670
16/02/2007,665.25
19/02/2007,670.5
20/02/2007,668.6
21/02/2007,658.6
22/02/2007,676.4
23/02/2007,677.5
26/02/2007,684.5
27/02/2007,684.5
28/02/2007,677
01/03/2007,673.6
02/03/2007,664
05/03/2007,638.6
06/03/2007,644.6
07/03/2007,646.35
08/03/2007,653.75
09/03/2007,653.85
12/03/2007,652.5
13/03/2007,650.5
14/03/2007,640.75
15/03/2007,646.1
16/03/2007,650.65
19/03/2007,654.5
20/03/2007,654.4
21/03/2007,660.5
22/03/2007,664
23/03/2007,662.15
26/03/2007,659.65
27/03/2007,665.15
28/03/2007,665.6
29/03/2007,664.9
30/03/2007,663.5
02/04/2007,663.3
03/04/2007,663.5
04/04/2007,665.9
05/04/2007,672.6
06/04/2007,NaN
09/04/2007,NaN
10/04/2007,676.85
11/04/2007,679.1
12/04/2007,678.5
13/04/2007,677
16/04/2007,687.25
17/04/2007,688
18/04/2007,690.4
19/04/2007,687.25
20/04/2007,687.6
23/04/2007,691
24/04/2007,689.7
25/04/2007,686.2
26/04/2007,685.5
27/04/2007,672.5
30/04/2007,678
01/05/2007,677.5
02/05/2007,673.25
03/05/2007,675.9
04/05/2007,680.8
07/05/2007,NaN
08/05/2007,685.9
09/05/2007,686.5
10/05/2007,677.85
11/05/2007,667.85
14/05/2007,674.2
15/05/2007,667
16/05/2007,670.9
17/05/2007,663.2
18/05/2007,660.75
21/05/2007,662.4
22/05/2007,663.5
23/05/2007,659.2
24/05/2007,661.5
25/05/2007,655
28/05/2007,NaN
29/05/2007,657.6
30/05/2007,657.1
31/05/2007,656.6
01/06/2007,662.5
04/06/2007,670.75
05/06/2007,671.3
06/06/2007,669.8
07/06/2007,670.85
08/06/2007,656.75
11/06/2007,652.75
12/06/2007,652.8
13/06/2007,644.1
14/06/2007,650.75
15/06/2007,650.6
18/06/2007,658
19/06/2007,655.1
20/06/2007,659.6
21/06/2007,654.5
22/06/2007,652
25/06/2007,651.25
26/06/2007,649.55
27/06/2007,642.85
28/06/2007,645.7
29/06/2007,648.5
02/07/2007,650.5
03/07/2007,657.25
04/07/2007,654
05/07/2007,655.9
06/07/2007,647.75
09/07/2007,657
10/07/2007,661.15
11/07/2007,664
12/07/2007,663
13/07/2007,667.5
16/07/2007,667.25
17/07/2007,663.15
18/07/2007,667.75
19/07/2007,673
20/07/2007,676
23/07/2007,683.5
24/07/2007,682.75
25/07/2007,677.25
26/07/2007,675.4
27/07/2007,663.5
30/07/2007,661.5
31/07/2007,666.75
01/08/2007,660.25
02/08/2007,665.35
03/08/2007,666.35
06/08/2007,674.15
07/08/2007,669.25
08/08/2007,670.4
09/08/2007,670.85
10/08/2007,664.5
13/08/2007,669.85
14/08/2007,667.35
15/08/2007,665
16/08/2007,664.15
17/08/2007,653
20/08/2007,658.5
21/08/2007,655.5
22/08/2007,657.15
23/08/2007,662.25
24/08/2007,659.75
27/08/2007,NaN
28/08/2007,667
29/08/2007,664.75
30/08/2007,666.3
31/08/2007,668
03/09/2007,672.75
04/09/2007,673.5
05/09/2007,679.5
06/09/2007,683.5
07/09/2007,695
10/09/2007,704
11/09/2007,704.25
12/09/2007,711.75
13/09/2007,708.1
14/09/2007,706.75
17/09/2007,710.25
18/09/2007,717.7
19/09/2007,723.75
20/09/2007,727.75
21/09/2007,735.35
24/09/2007,733.25
25/09/2007,727.7
26/09/2007,730.55
27/09/2007,729.75
28/09/2007,737.75
01/10/2007,745.25
02/10/2007,735.75
03/10/2007,733.15
04/10/2007,726.75
05/10/2007,735.85
08/10/2007,736.5
09/10/2007,728.8
10/10/2007,740.5
11/10/2007,747.5
12/10/2007,748.5
15/10/2007,755.85
16/10/2007,761.75
17/10/2007,759.75
18/10/2007,758.35
19/10/2007,768.25
22/10/2007,755.6
23/10/2007,757.5
24/10/2007,757.35
25/10/2007,765
26/10/2007,775.6
29/10/2007,792.5
30/10/2007,784
31/10/2007,783
01/11/2007,792
02/11/2007,790.75
05/11/2007,802.5
06/11/2007,817.55
07/11/2007,841.75
08/11/2007,832.25
09/11/2007,836
12/11/2007,817
13/11/2007,803.4
14/11/2007,808.25
15/11/2007,806
16/11/2007,790.25
19/11/2007,788.5
20/11/2007,789.65
21/11/2007,796.25
22/11/2007,802.25
23/11/2007,810.5
26/11/2007,836.25
27/11/2007,823.25
28/11/2007,796.5
29/11/2007,807.25
30/11/2007,794.75
03/12/2007,783.75
04/12/2007,790.25
05/12/2007,801.75
06/12/2007,788.75
07/12/2007,799.75
10/12/2007,800
11/12/2007,806.75
12/12/2007,807.5
13/12/2007,809
14/12/2007,796.25
17/12/2007,787
18/12/2007,796.25
19/12/2007,801.5
20/12/2007,799.5
21/12/2007,803
24/12/2007,810.25
25/12/2007,NaN
26/12/2007,NaN
27/12/2007,822.5
28/12/2007,828.5
31/12/2007,836.5
01/01/2008,NaN
02/01/2008,840.75
03/01/2008,865.35
04/01/2008,858.75
07/01/2008,857.5
08/01/2008,873.25
09/01/2008,887.85
10/01/2008,874.25
11/01/2008,893.75
14/01/2008,911.5
15/01/2008,904.75
16/01/2008,881
17/01/2008,881.5
18/01/2008,872.75
21/01/2008,874.25
22/01/2008,862
23/01/2008,887.8
24/01/2008,891.5
25/01/2008,921.25
28/01/2008,916.5
29/01/2008,927.5
30/01/2008,923.75
31/01/2008,923.75
01/02/2008,933
04/02/2008,899.5
05/02/2008,889.75
06/02/2008,892
07/02/2008,908.25
08/02/2008,914
11/02/2008,925.5
12/02/2008,920.25
13/02/2008,905.75
14/02/2008,910.85
15/02/2008,909.75
18/02/2008,905
19/02/2008,916.5
20/02/2008,924.85
21/02/2008,943
22/02/2008,945.75
25/02/2008,947.5
26/02/2008,934
27/02/2008,958.75
28/02/2008,957
29/02/2008,969
03/03/2008,978.25
04/03/2008,981.75
05/03/2008,966.25
06/03/2008,986.25
07/03/2008,978.5
10/03/2008,973.15
11/03/2008,980.5
12/03/2008,975.75
13/03/2008,988.25
14/03/2008,997
17/03/2008,1023.5
18/03/2008,1005.75
19/03/2008,995.25
20/03/2008,913.5
21/03/2008,NaN
24/03/2008,NaN
25/03/2008,930.65
26/03/2008,945.75
27/03/2008,948.25
28/03/2008,944.5
31/03/2008,937.25
01/04/2008,897
02/04/2008,893.5
03/04/2008,898.25
04/04/2008,905.25
07/04/2008,914.7
08/04/2008,921
09/04/2008,906.75
10/04/2008,934.25
11/04/2008,925.5
14/04/2008,917.75
15/04/2008,931.75
16/04/2008,932.75
17/04/2008,951.5
18/04/2008,942.25
21/04/2008,915.75
22/04/2008,920.75
23/04/2008,916.25
24/04/2008,900.75
25/04/2008,883.5
28/04/2008,892.25
29/04/2008,886
30/04/2008,867.75
01/05/2008,863.5
02/05/2008,854.25
05/05/2008,NaN
06/05/2008,878
07/05/2008,874
08/05/2008,872.25
09/05/2008,887.25
12/05/2008,882.5
13/05/2008,877
14/05/2008,863
15/05/2008,866.25
16/05/2008,885
19/05/2008,908.75
20/05/2008,907
21/05/2008,925
22/05/2008,928.25
23/05/2008,922.25
26/05/2008,NaN
27/05/2008,923.75
28/05/2008,892
29/05/2008,893
30/05/2008,879.5
02/06/2008,891.25
03/06/2008,895.5
04/06/2008,877.25
05/06/2008,873
06/06/2008,883.5
09/06/2008,904.25
10/06/2008,884.5
11/06/2008,874.25
12/06/2008,871.25
13/06/2008,864
16/06/2008,872
17/06/2008,883
18/06/2008,884
19/06/2008,893.25
20/06/2008,900
23/06/2008,905.25
24/06/2008,888.5
25/06/2008,887.25
26/06/2008,892.5
27/06/2008,923
30/06/2008,932.75
01/07/2008,929.5
02/07/2008,936
03/07/2008,939.75
04/07/2008,930.75
07/07/2008,921
08/07/2008,929.25
09/07/2008,923.25
10/07/2008,930.75
11/07/2008,949
14/07/2008,957.75
15/07/2008,981.75
16/07/2008,974
17/07/2008,964.5
18/07/2008,961.5
21/07/2008,966.25
22/07/2008,973
23/07/2008,934.75
24/07/2008,927.75
25/07/2008,932.25
28/07/2008,929.25
29/07/2008,928.75
30/07/2008,914.1
31/07/2008,912
01/08/2008,909.5
04/08/2008,910
05/08/2008,884
06/08/2008,884.75
07/08/2008,882.5
08/08/2008,864.5
11/08/2008,863.75
12/08/2008,808.75
13/08/2008,824
14/08/2008,833.25
15/08/2008,784.75
18/08/2008,797.5
19/08/2008,791
20/08/2008,806.75
21/08/2008,821
22/08/2008,830
25/08/2008,NaN
26/08/2008,809.75
27/08/2008,833.5
28/08/2008,832
29/08/2008,836.5
01/09/2008,832
02/09/2008,802.5
03/09/2008,794.5
04/09/2008,810.5
05/09/2008,796.25
08/09/2008,806.5
09/09/2008,799.75
10/09/2008,774.25
11/09/2008,742.75
12/09/2008,757.5
15/09/2008,779.25
16/09/2008,779.75
17/09/2008,785.5
18/09/2008,864.25
19/09/2008,837.5
22/09/2008,873
23/09/2008,892.5
24/09/2008,888.5
25/09/2008,889
26/09/2008,869
29/09/2008,876.5
30/09/2008,897
01/10/2008,876
02/10/2008,866.25
03/10/2008,842.5
06/10/2008,836.5
07/10/2008,881.75
08/10/2008,913
09/10/2008,886.75
10/10/2008,918
13/10/2008,865
14/10/2008,849.5
15/10/2008,848.5
16/10/2008,834.5
17/10/2008,801
20/10/2008,803
21/10/2008,781
22/10/2008,757.5
23/10/2008,726
24/10/2008,692.5
27/10/2008,720.5
28/10/2008,745
29/10/2008,749.25
30/10/2008,772.25
31/10/2008,728.5
03/11/2008,734
04/11/2008,734
05/11/2008,753.25
06/11/2008,739
07/11/2008,742
10/11/2008,751.75
11/11/2008,741.75
12/11/2008,731.5
13/11/2008,714
14/11/2008,729.5
17/11/2008,745
18/11/2008,736.5
19/11/2008,737.75
20/11/2008,745.25
21/11/2008,758.5
24/11/2008,816.75
25/11/2008,802.5
26/11/2008,817
27/11/2008,813.5
28/11/2008,813.5
01/12/2008,795.5
02/12/2008,772.5
03/12/2008,773.5
04/12/2008,772.75
05/12/2008,771.75
08/12/2008,772.25
09/12/2008,771
10/12/2008,785.75
11/12/2008,821
12/12/2008,813.75
15/12/2008,827.5
16/12/2008,833.5
17/12/2008,853.75
18/12/2008,872.5
19/12/2008,839
22/12/2008,846
23/12/2008,844
24/12/2008,836.75
25/12/2008,NaN
26/12/2008,NaN
29/12/2008,881
30/12/2008,870
31/12/2008,865
01/01/2009,NaN
02/01/2009,869.75
05/01/2009,860
06/01/2009,844
07/01/2009,864
08/01/2009,842.5
09/01/2009,854
12/01/2009,848.5
13/01/2009,815.5
14/01/2009,827.25
15/01/2009,813
16/01/2009,824.25
19/01/2009,842.5
20/01/2009,835
21/01/2009,860.5
22/01/2009,847.75
23/01/2009,873
26/01/2009,906.5
27/01/2009,896
28/01/2009,891.25
29/01/2009,878.5
30/01/2009,918.5
02/02/2009,913.75
03/02/2009,902
04/02/2009,902.25
05/02/2009,914.75
06/02/2009,914
09/02/2009,901
10/02/2009,896
11/02/2009,922
12/02/2009,944
13/02/2009,939.25
16/02/2009,943
17/02/2009,962.25
18/02/2009,964.75
19/02/2009,973.5
20/02/2009,981
23/02/2009,987
24/02/2009,989.75
25/02/2009,956.25
26/02/2009,945
27/02/2009,943.75
02/03/2009,949.5
03/03/2009,924.75
04/03/2009,911
05/03/2009,913.25
06/03/2009,937.75
09/03/2009,934.75
10/03/2009,911.5
11/03/2009,900
12/03/2009,914.5
13/03/2009,920
16/03/2009,923
17/03/2009,920
18/03/2009,910.75
19/03/2009,937.25
20/03/2009,957
23/03/2009,952.75
24/03/2009,928.75
25/03/2009,921.25
26/03/2009,935.5
27/03/2009,927
30/03/2009,923
31/03/2009,918.5
01/04/2009,919.5
02/04/2009,914.75
03/04/2009,901.5
06/04/2009,879.5
07/04/2009,879.25
08/04/2009,887.25
09/04/2009,883.75
10/04/2009,NaN
13/04/2009,NaN
14/04/2009,895
15/04/2009,892.25
16/04/2009,889
17/04/2009,872
20/04/2009,870
21/04/2009,888.75
22/04/2009,885
23/04/2009,894.5
24/04/2009,909
27/04/2009,911.75
28/04/2009,897
29/04/2009,894.5
30/04/2009,889
01/05/2009,881.5
04/05/2009,NaN
05/05/2009,903
06/05/2009,903.5
07/05/2009,912.75
08/05/2009,917.5
11/05/2009,912.5
12/05/2009,920
13/05/2009,925.75
14/05/2009,923.25
15/05/2009,925
18/05/2009,929.75
19/05/2009,921.5
20/05/2009,928.5
21/05/2009,940
22/05/2009,952.5
25/05/2009,NaN
26/05/2009,942
27/05/2009,949.5
28/05/2009,949.75
29/05/2009,972
01/06/2009,987
02/06/2009,973.5
03/06/2009,979
04/06/2009,967.25
05/06/2009,977.75
08/06/2009,946.5
09/06/2009,952.5
10/06/2009,961.25
11/06/2009,953
12/06/2009,950
15/06/2009,932
16/06/2009,936.75
17/06/2009,933.75
18/06/2009,936.75
19/06/2009,933.75
22/06/2009,924
23/06/2009,920.25
24/06/2009,928.75
25/06/2009,934.25
26/06/2009,943
29/06/2009,939.75
30/06/2009,941
01/07/2009,931.5
02/07/2009,936
03/07/2009,932.5
06/07/2009,921.5
07/07/2009,925.75
08/07/2009,920.75
09/07/2009,914.75
10/07/2009,910
13/07/2009,908.5
14/07/2009,921.75
15/07/2009,930
16/07/2009,935.25
17/07/2009,934.5
20/07/2009,952.25
21/07/2009,947.75
22/07/2009,945.5
23/07/2009,955.25
24/07/2009,949.75
27/07/2009,956
28/07/2009,955
29/07/2009,935.5
30/07/2009,932
31/07/2009,936.5
03/08/2009,954.25
04/08/2009,953.5
05/08/2009,964.5
06/08/2009,960.75
07/08/2009,960.5
10/08/2009,953.5
11/08/2009,946
12/08/2009,943.5
13/08/2009,956
14/08/2009,957.5
17/08/2009,937.5
18/08/2009,938.25
19/08/2009,934.25
20/08/2009,943.5
21/08/2009,941.5
24/08/2009,953.75
25/08/2009,947.5
26/08/2009,949.5
27/08/2009,943.5
28/08/2009,950.75
31/08/2009,NaN
01/09/2009,949.75
02/09/2009,955
03/09/2009,982.5
04/09/2009,987.25
07/09/2009,992.75
08/09/2009,1004.5
09/09/2009,995.75
10/09/2009,988.5
11/09/2009,998.25
14/09/2009,994.25
15/09/2009,997.5
16/09/2009,1017
17/09/2009,1020.5
18/09/2009,1014
21/09/2009,999.25
22/09/2009,1015.75
23/09/2009,1014.75
24/09/2009,1014
25/09/2009,997
28/09/2009,990.5
29/09/2009,991.75
30/09/2009,1001.25
01/10/2009,1005.75
02/10/2009,998
05/10/2009,1004.25
06/10/2009,1020.25
07/10/2009,1047
08/10/2009,1054.75
09/10/2009,1046.75
12/10/2009,1052
13/10/2009,1064.5
14/10/2009,1066
15/10/2009,1052.5
16/10/2009,1047.75
19/10/2009,1054.5
20/10/2009,1064
21/10/2009,1053.5
22/10/2009,1054.75
23/10/2009,1061.25
26/10/2009,1055
27/10/2009,1040.75
28/10/2009,1035.5
29/10/2009,1034
30/10/2009,1044.5
02/11/2009,1052
03/11/2009,1058
04/11/2009,1091.75
05/11/2009,1088
06/11/2009,1095
09/11/2009,1108.5
10/11/2009,1099.75
11/11/2009,1114.75
12/11/2009,1116
13/11/2009,1107.5
16/11/2009,1128.75
17/11/2009,1131.75
18/11/2009,1146
19/11/2009,1136
20/11/2009,1142.5
23/11/2009,1166
24/11/2009,1170.25
25/11/2009,1176.5
26/11/2009,1183
27/11/2009,1164.5
30/11/2009,1172
01/12/2009,1193.5
02/12/2009,1211.5
03/12/2009,1218.25
04/12/2009,1203.25
07/12/2009,1147.5
08/12/2009,1164.25
09/12/2009,1142.25
10/12/2009,1125.75
11/12/2009,1140
14/12/2009,1120
15/12/2009,1115
16/12/2009,1134
17/12/2009,1121.5
18/12/2009,1106.5
21/12/2009,1113.25
22/12/2009,1094.25
23/12/2009,1080.5
24/12/2009,1104.5
25/12/2009,NaN
28/12/2009,NaN
29/12/2009,1103
30/12/2009,1092.5
31/12/2009,1104
01/01/2010,NaN
04/01/2010,1113
05/01/2010,1125.25
06/01/2010,1125
07/01/2010,1130.75
08/01/2010,1121.75
11/01/2010,1158
12/01/2010,1152.75
13/01/2010,1132.75
14/01/2010,1137.5
15/01/2010,1132
18/01/2010,1135.75
19/01/2010,1134
20/01/2010,1129
21/01/2010,1104
22/01/2010,1096.5
25/01/2010,1103.5
26/01/2010,1090.75
27/01/2010,1094.75
28/01/2010,1091.75
29/01/2010,1082.75
01/02/2010,1082
02/02/2010,1114
03/02/2010,1118.5
04/02/2010,1102.5
05/02/2010,1052.25
08/02/2010,1070
09/02/2010,1068
10/02/2010,1075.5
11/02/2010,1079.5
12/02/2010,1078.25
15/02/2010,1099.5
16/02/2010,1115.25
17/02/2010,1118.25
18/02/2010,1105.5
19/02/2010,1107
22/02/2010,1119.75
23/02/2010,1112
24/02/2010,1093
25/02/2010,1092.75
26/02/2010,1112.5
01/03/2010,1117.25
02/03/2010,1116
03/03/2010,1136.25
04/03/2010,1136.25
05/03/2010,1135
08/03/2010,1134
09/03/2010,1120
10/03/2010,1124.5
11/03/2010,1106
12/03/2010,1118.75
15/03/2010,1104
16/03/2010,1113.25
17/03/2010,1131.25
18/03/2010,1122.75
19/03/2010,1121.5
22/03/2010,1104.25
23/03/2010,1100.75
24/03/2010,1094
25/03/2010,1093.5
26/03/2010,1098
29/03/2010,1111.25
30/03/2010,1109.75
31/03/2010,1109.5
01/04/2010,1116
02/04/2010,NaN
05/04/2010,NaN
06/04/2010,1124
07/04/2010,1133.25
08/04/2010,1146.5
09/04/2010,1156
12/04/2010,1163.5
13/04/2010,1149.25
14/04/2010,1159
15/04/2010,1151.25
16/04/2010,1157
19/04/2010,1127.5
20/04/2010,1142.5
21/04/2010,1143.75
22/04/2010,1144.25
23/04/2010,1140
26/04/2010,1154
27/04/2010,1152.25
28/04/2010,1164.25
29/04/2010,1170
30/04/2010,1175.25
03/05/2010,NaN
04/05/2010,1184.25
05/05/2010,1172
06/05/2010,1178
07/05/2010,1199.6
10/05/2010,1188.25
11/05/2010,1209
12/05/2010,1241.25
13/05/2010,1235
14/05/2010,1238.75
17/05/2010,1230.25
18/05/2010,1215
19/05/2010,1209.5
20/05/2010,1187.25
21/05/2010,1183.5
24/05/2010,1183.75
25/05/2010,1189.5
26/05/2010,1212.5
27/05/2010,1210.75
28/05/2010,1214
31/05/2010,NaN
01/06/2010,1219.75
02/06/2010,1221
03/06/2010,1219.75
04/06/2010,1203.5
07/06/2010,1212.4
08/06/2010,1248
09/06/2010,1235
10/06/2010,1220
11/06/2010,1220.5
14/06/2010,1229.5
15/06/2010,1223
16/06/2010,1235.5
17/06/2010,1234.5
18/06/2010,1244
21/06/2010,1259.5
22/06/2010,1235.25
23/06/2010,1243
24/06/2010,1233.25
25/06/2010,1242.5
28/06/2010,1256
29/06/2010,1236
30/06/2010,1240.5
01/07/2010,1240
02/07/2010,1210.5
05/07/2010,1208.5
06/07/2010,1210.75
07/07/2010,1186
08/07/2010,1201.25
09/07/2010,1196.25
12/07/2010,1203.75
13/07/2010,1206.5
14/07/2010,1212.25
15/07/2010,1211.75
16/07/2010,1204.75
19/07/2010,1190.25
20/07/2010,1181.5
21/07/2010,1191.25
22/07/2010,1187
23/07/2010,1198.75
26/07/2010,1189
27/07/2010,1184
28/07/2010,1164
29/07/2010,1166
30/07/2010,1168
02/08/2010,1178
03/08/2010,1184
04/08/2010,1194.5
05/08/2010,1195.5
06/08/2010,1194.5
09/08/2010,1206
10/08/2010,1196.75
11/08/2010,1198
12/08/2010,1200
13/08/2010,1215
16/08/2010,1222
17/08/2010,1226.25
18/08/2010,1223
19/08/2010,1228
20/08/2010,1230.5
23/08/2010,1227
24/08/2010,1218
25/08/2010,1237.5
26/08/2010,1240.25
27/08/2010,1234.5
30/08/2010,NaN
31/08/2010,1233.5
01/09/2010,1250
02/09/2010,1247.75
03/09/2010,1252
06/09/2010,1249.5
07/09/2010,1247.25
08/09/2010,1258
09/09/2010,1253.5
10/09/2010,1248.75
13/09/2010,1243
14/09/2010,1253.25
15/09/2010,1270.4
16/09/2010,1271.25
17/09/2010,1281.5
20/09/2010,1280.25
21/09/2010,1278.75
22/09/2010,1291.75
23/09/2010,1291.5
24/09/2010,1298
27/09/2010,1298.25
28/09/2010,1289
29/09/2010,1307.5
30/09/2010,1311
01/10/2010,1313
04/10/2010,1316
05/10/2010,1325.75
06/10/2010,1347
07/10/2010,1359.5
08/10/2010,1330.5
11/10/2010,1348.5
12/10/2010,1343.5
13/10/2010,1358.5
14/10/2010,1380.75
15/10/2010,1377.25
18/10/2010,1359.75
19/10/2010,1367.75
20/10/2010,1340.5
21/10/2010,1345.25
22/10/2010,1319
25/10/2010,1345
26/10/2010,1334
27/10/2010,1332.25
28/10/2010,1326.5
29/10/2010,1336.75
01/11/2010,1361.5
02/11/2010,1358
03/11/2010,1358.5
04/11/2010,1361
05/11/2010,1384.25
08/11/2010,1390
09/11/2010,1416.25
10/11/2010,1402
11/11/2010,1413
12/11/2010,1387
15/11/2010,1367
16/11/2010,1363.25
17/11/2010,1336.5
18/11/2010,1356.75
19/11/2010,1357.5
22/11/2010,1357.5
23/11/2010,1361
24/11/2010,1376.25
25/11/2010,1370.5
26/11/2010,1366.5
29/11/2010,1360
30/11/2010,1375
01/12/2010,1391.5
02/12/2010,1390
03/12/2010,1391.75
06/12/2010,1411.5
07/12/2010,1426
08/12/2010,1395
09/12/2010,1382
10/12/2010,1390
13/12/2010,1388.25
14/12/2010,1405
15/12/2010,1388.25
16/12/2010,1384
17/12/2010,1374.75
20/12/2010,1381
21/12/2010,1386
22/12/2010,1389
23/12/2010,1384
24/12/2010,1380.5
27/12/2010,NaN
28/12/2010,NaN
29/12/2010,1403.5
30/12/2010,1411.5
31/12/2010,1410.25
03/01/2011,NaN
04/01/2011,1405.5
05/01/2011,1382.75
06/01/2011,1376
07/01/2011,1358
10/01/2011,1368.25
11/01/2011,1381
12/01/2011,1383.5
13/01/2011,1380.75
14/01/2011,1369.25
17/01/2011,1357.5
18/01/2011,1368.75
19/01/2011,1373.75
20/01/2011,1364.5
21/01/2011,1344
24/01/2011,1347.5
25/01/2011,1326
26/01/2011,1335.5
27/01/2011,1337.5
28/01/2011,1316
31/01/2011,1333.5
01/02/2011,1337.5
02/02/2011,1337
03/02/2011,1332.5
04/02/2011,1347.5
07/02/2011,1347
08/02/2011,1354
09/02/2011,1362.5
10/02/2011,1358.75
11/02/2011,1359
14/02/2011,1356.75
15/02/2011,1372.25
16/02/2011,1374.5
17/02/2011,1377
18/02/2011,1385.5
21/02/2011,1399.5
22/02/2011,1394.5
23/02/2011,1401.25
24/02/2011,1414.5
25/02/2011,1405
28/02/2011,1409.75
01/03/2011,1414.5
02/03/2011,1430.5
03/03/2011,1430.5
04/03/2011,1418
07/03/2011,1437
08/03/2011,1435
09/03/2011,1431.5
10/03/2011,1424.25
11/03/2011,1409.75
14/03/2011,1424.5
15/03/2011,1407
16/03/2011,1398.5
17/03/2011,1403.5
18/03/2011,1415.5
21/03/2011,1427.75
22/03/2011,1425.5
23/03/2011,1433
24/03/2011,1441.25
25/03/2011,1434
28/03/2011,1420
29/03/2011,1414
30/03/2011,1419
31/03/2011,1431
01/04/2011,1434.5
04/04/2011,1432.5
05/04/2011,1434.5
06/04/2011,1457
07/04/2011,1456.5
08/04/2011,1470.5
11/04/2011,1469.5
12/04/2011,1461.25
13/04/2011,1458
14/04/2011,1457.5
15/04/2011,1472.5
18/04/2011,1484.5
19/04/2011,1495
20/04/2011,1505
21/04/2011,1507
22/04/2011,NaN
25/04/2011,NaN
26/04/2011,1505
27/04/2011,1508
28/04/2011,1531
29/04/2011,NaN
02/05/2011,NaN
03/05/2011,1546.5
04/05/2011,1536
05/05/2011,1514.5
06/05/2011,1487.75
09/05/2011,1505
10/05/2011,1517.25
11/05/2011,1524.5
12/05/2011,1488.25
13/05/2011,1511
16/05/2011,1495
17/05/2011,1495.5
18/05/2011,1491.25
19/05/2011,1488.75
20/05/2011,1502.75
23/05/2011,1508.5
24/05/2011,1520.75
25/05/2011,1527
26/05/2011,1521.5
27/05/2011,1525
30/05/2011,NaN
31/05/2011,1537
01/06/2011,1532.25
02/06/2011,1540.75
03/06/2011,1531
06/06/2011,1542.75
07/06/2011,1548.4
08/06/2011,1535.5
09/06/2011,1534
10/06/2011,1541
13/06/2011,1524.7
14/06/2011,1519
15/06/2011,1517.75
16/06/2011,1525
17/06/2011,1526.25
20/06/2011,1537
21/06/2011,1543
22/06/2011,1546
23/06/2011,1541.5
24/06/2011,1521
27/06/2011,1501
28/06/2011,1502.5
29/06/2011,1506
30/06/2011,1508
01/07/2011,1492.75
04/07/2011,1495.25
05/07/2011,1498.75
06/07/2011,1515.8
07/07/2011,1526.25
08/07/2011,1526
11/07/2011,1543.5
12/07/2011,1544.5
13/07/2011,1571.5
14/07/2011,1592.5
15/07/2011,1578.5
18/07/2011,1598.25
19/07/2011,1602
20/07/2011,1584.25
21/07/2011,1600.5
22/07/2011,1588
25/07/2011,1618.5
26/07/2011,1610
27/07/2011,1621
28/07/2011,1617.5
29/07/2011,1613.75
01/08/2011,1613.5
02/08/2011,1624
03/08/2011,1667.5
04/08/2011,1664.25
05/08/2011,1665
08/08/2011,1709.75
09/08/2011,1770
10/08/2011,1753.75
11/08/2011,1786
12/08/2011,1755
15/08/2011,1738
16/08/2011,1779
17/08/2011,1792
18/08/2011,1794.5
19/08/2011,1862
22/08/2011,1877.75
23/08/2011,1886.5
24/08/2011,1850
25/08/2011,1716.5
26/08/2011,1787
29/08/2011,NaN
30/08/2011,1791
31/08/2011,1826
01/09/2011,1815.5
02/09/2011,1854
05/09/2011,1896.5
06/09/2011,1891
07/09/2011,1844
08/09/2011,1827
09/09/2011,1879.5
12/09/2011,1843
13/09/2011,1806
14/09/2011,1829
15/09/2011,1806
16/09/2011,1778
19/09/2011,1817
20/09/2011,1792
21/09/2011,1810.25
22/09/2011,1765.5
23/09/2011,1730
26/09/2011,1615
27/09/2011,1671
28/09/2011,1655
29/09/2011,1620
30/09/2011,1629
03/10/2011,1660
04/10/2011,1672
05/10/2011,1600
06/10/2011,1649.5
07/10/2011,1651
10/10/2011,1664
11/10/2011,1662
12/10/2011,1687
13/10/2011,1673
14/10/2011,1676
17/10/2011,1689
18/10/2011,1658
19/10/2011,1651
20/10/2011,1629
21/10/2011,1623
24/10/2011,1651
25/10/2011,1656.25
26/10/2011,1713
27/10/2011,1708
28/10/2011,1735
31/10/2011,1718
01/11/2011,1702
02/11/2011,1731
03/11/2011,1732.5
04/11/2011,1756
07/11/2011,1764
08/11/2011,1794
09/11/2011,1780
10/11/2011,1766
11/11/2011,1764
14/11/2011,1780.5
15/11/2011,1765
16/11/2011,1773
17/11/2011,1756
18/11/2011,1730
21/11/2011,1704
22/11/2011,1697.5
23/11/2011,1686
24/11/2011,1699
25/11/2011,1676
28/11/2011,1714
29/11/2011,1717
30/11/2011,1704
01/12/2011,1750
02/12/2011,1751
05/12/2011,1744
06/12/2011,1720
07/12/2011,1731
08/12/2011,1739
09/12/2011,1712
12/12/2011,1680
13/12/2011,1665
14/12/2011,1635
15/12/2011,1590
16/12/2011,1589.5
19/12/2011,1593
20/12/2011,1605
21/12/2011,1637.5
22/12/2011,1609
23/12/2011,1607.5
26/12/2011,NaN
27/12/2011,NaN
28/12/2011,1584
29/12/2011,1537.5
30/12/2011,1574.5
02/01/2012,NaN
03/01/2012,1590
04/01/2012,1603
05/01/2012,1614.5
06/01/2012,1621
09/01/2012,1618
10/01/2012,1627
11/01/2012,1641
12/01/2012,1652.5
13/01/2012,1642
16/01/2012,1643.5
17/01/2012,1662
18/01/2012,1657
19/01/2012,1664
20/01/2012,1646
23/01/2012,1675
24/01/2012,1669
25/01/2012,1659
26/01/2012,1713
27/01/2012,1722
30/01/2012,1720.5
31/01/2012,1738
01/02/2012,1744
02/02/2012,1747.5
03/02/2012,1759.5
06/02/2012,1717
07/02/2012,1720
08/02/2012,1743
09/02/2012,1733
10/02/2012,1715.5
13/02/2012,1727
14/02/2012,1721
15/02/2012,1725.5
16/02/2012,1716
17/02/2012,1732
20/02/2012,1729.5
21/02/2012,1737
22/02/2012,1754.75
23/02/2012,1776.5
24/02/2012,1778.5
27/02/2012,1765
28/02/2012,1774.75
29/02/2012,1788
01/03/2012,1721
02/03/2012,1714.5
05/03/2012,1698
06/03/2012,1685.5
07/03/2012,1682.5
08/03/2012,1701.5
09/03/2012,1699.5
12/03/2012,1705.25
13/03/2012,1694.75
14/03/2012,1662
15/03/2012,1646.75
16/03/2012,1649
19/03/2012,1654
20/03/2012,1648.5
21/03/2012,1656
22/03/2012,1636
23/03/2012,1651
26/03/2012,1658
27/03/2012,1694
28/03/2012,1677
29/03/2012,1655.75
30/03/2012,1660.75
02/04/2012,1664
03/04/2012,1674.75
04/04/2012,1631.75
05/04/2012,1622.5
06/04/2012,NaN
09/04/2012,NaN
10/04/2012,1643.75
11/04/2012,1654
12/04/2012,1655.5
13/04/2012,1670.5
16/04/2012,1648.25
17/04/2012,1652
18/04/2012,1646.5
19/04/2012,1642
20/04/2012,1640
23/04/2012,1632
24/04/2012,1638.75
25/04/2012,1641.25
26/04/2012,1648.25
27/04/2012,1654
30/04/2012,1662.5
01/05/2012,1661.25
02/05/2012,1652.5
03/05/2012,1642.5
04/05/2012,1629.5
07/05/2012,NaN
08/05/2012,1627
09/05/2012,1585.5
10/05/2012,1590
11/05/2012,1580.75
14/05/2012,1563
15/05/2012,1559
16/05/2012,1537.5
17/05/2012,1547
18/05/2012,1588
21/05/2012,1590.25
22/05/2012,1575.75
23/05/2012,1555
24/05/2012,1558.5
25/05/2012,1560.5
28/05/2012,1579
29/05/2012,1573.75
30/05/2012,1548.75
31/05/2012,1567.5
01/06/2012,1552.5
04/06/2012,NaN
05/06/2012,NaN
06/06/2012,1633.25
07/06/2012,1620.75
08/06/2012,1576
11/06/2012,1593
12/06/2012,1589.25
13/06/2012,1612.75
14/06/2012,1619
15/06/2012,1622.25
18/06/2012,1623.5
19/06/2012,1628.5
20/06/2012,1618.75
21/06/2012,1600
22/06/2012,1570.5
25/06/2012,1569
26/06/2012,1583.25
27/06/2012,1567.5
28/06/2012,1567.75
29/06/2012,1569.5
02/07/2012,1596.25
03/07/2012,1608.5
04/07/2012,1617
05/07/2012,1616.75
06/07/2012,1591.75
09/07/2012,1581
10/07/2012,1594.5
11/07/2012,1576.5
12/07/2012,1565.5
13/07/2012,1579
16/07/2012,1584
17/07/2012,1595
18/07/2012,1579.5
19/07/2012,1580
20/07/2012,1583
23/07/2012,1571.5
24/07/2012,1573
25/07/2012,1587.5
26/07/2012,1603
27/07/2012,1618.75
30/07/2012,1616.5
31/07/2012,1622.75
01/08/2012,1614.75
02/08/2012,1604.5
03/08/2012,1595
06/08/2012,1606.75
07/08/2012,1613
08/08/2012,1607
09/08/2012,1612.75
10/08/2012,1608.5
13/08/2012,1622.25
14/08/2012,1614.5
15/08/2012,1594.75
16/08/2012,1603.5
17/08/2012,1616.5
20/08/2012,1615.25
21/08/2012,1624
22/08/2012,1640.5
23/08/2012,1662.5
24/08/2012,1666.5
27/08/2012,NaN
28/08/2012,1663.5
29/08/2012,1664.25
30/08/2012,1657
31/08/2012,1657.75
03/09/2012,1686
04/09/2012,1691.5
05/09/2012,1689.5
06/09/2012,1708.5
07/09/2012,1696
10/09/2012,1732.75
11/09/2012,1731
12/09/2012,1742.75
13/09/2012,1730.5
14/09/2012,1772.5
17/09/2012,1767.25
18/09/2012,1756.75
19/09/2012,1774.5
20/09/2012,1760
21/09/2012,1773.75
24/09/2012,1758.5
25/09/2012,1766.75
26/09/2012,1763.75
27/09/2012,1755.25
28/09/2012,1781
01/10/2012,1770.5
02/10/2012,1778.5
03/10/2012,1777.25
04/10/2012,1786.5
05/10/2012,1790
08/10/2012,1769
09/10/2012,1770.75
10/10/2012,1763
11/10/2012,1767.25
12/10/2012,1767
15/10/2012,1747.25
16/10/2012,1737.5
17/10/2012,1747.75
18/10/2012,1748
19/10/2012,1732.75
22/10/2012,1725
23/10/2012,1717
24/10/2012,1708.5
25/10/2012,1715
26/10/2012,1704
29/10/2012,1712
30/10/2012,1713.5
31/10/2012,1718
01/11/2012,1723.25
02/11/2012,1708.25
05/11/2012,1679
06/11/2012,1691.75
07/11/2012,1730.5
08/11/2012,1715
09/11/2012,1732.75
12/11/2012,1735.75
13/11/2012,1724.75
14/11/2012,1724.5
15/11/2012,1723.5
16/11/2012,1710
19/11/2012,1723.25
20/11/2012,1734
21/11/2012,1726.75
22/11/2012,1729.75
23/11/2012,1734.75
26/11/2012,1747.25
27/11/2012,1747.25
28/11/2012,1741
29/11/2012,1724.5
30/11/2012,1728.25
03/12/2012,1718
04/12/2012,1706.75
05/12/2012,1703
06/12/2012,1693
07/12/2012,1697
10/12/2012,1708.5
11/12/2012,1709.75
12/12/2012,1712.5
13/12/2012,1694.75
14/12/2012,1696.5
17/12/2012,1690
18/12/2012,1699.5
19/12/2012,1674.5
20/12/2012,1667
21/12/2012,1648.25
24/12/2012,1662.5
25/12/2012,NaN
26/12/2012,NaN
27/12/2012,1655.25
28/12/2012,1658.75
31/12/2012,1664
01/01/2013,NaN
02/01/2013,1681.5
03/01/2013,1684.5
04/01/2013,1632.25
07/01/2013,1653.75
08/01/2013,1653.75
09/01/2013,1663.5
10/01/2013,1663
11/01/2013,1669.5
14/01/2013,1667.75
15/01/2013,1681
16/01/2013,1679.75
17/01/2013,1683.25
18/01/2013,1690
21/01/2013,1688
22/01/2013,1692.5
23/01/2013,1692.25
24/01/2013,1677
25/01/2013,1670.25
28/01/2013,1656.75
29/01/2013,1660.5
30/01/2013,1666.25
31/01/2013,1674.5
01/02/2013,1665
04/02/2013,1664.25
05/02/2013,1678
06/02/2013,1670
07/02/2013,1675.75
08/02/2013,1669.75
11/02/2013,1663.5
12/02/2013,1641.75
13/02/2013,1648
14/02/2013,1644
15/02/2013,1629.25
18/02/2013,1611.25
19/02/2013,1613.5
20/02/2013,1602
21/02/2013,1568.5
22/02/2013,1580
25/02/2013,1592.5
26/02/2013,1597.25
27/02/2013,1608.5
28/02/2013,1591
01/03/2013,1570
04/03/2013,1578
05/03/2013,1584.25
06/03/2013,1574
07/03/2013,1580.5
08/03/2013,1577
11/03/2013,1577.5
12/03/2013,1582.5
13/03/2013,1591.5
14/03/2013,1585
15/03/2013,1593.25
18/03/2013,1599.5
19/03/2013,1602.5
20/03/2013,1611.5
21/03/2013,1608.75
22/03/2013,1611.5
25/03/2013,1602.25
26/03/2013,1597.25
27/03/2013,1591
28/03/2013,1602.5
29/03/2013,NaN
01/04/2013,NaN
02/04/2013,1597.75
03/04/2013,1568.5
04/04/2013,1545.25
05/04/2013,1552.75
08/04/2013,1577.25
09/04/2013,1572.5
10/04/2013,1581.5
11/04/2013,1555.75
12/04/2013,1548
15/04/2013,1416
16/04/2013,1378
17/04/2013,1379
18/04/2013,1397
19/04/2013,1414
22/04/2013,1425
23/04/2013,1417.25
24/04/2013,1424.5
25/04/2013,1446.5
26/04/2013,1462.25
29/04/2013,1472.5
30/04/2013,1472.75
01/05/2013,1469.5
02/05/2013,1456
03/05/2013,1476.5
06/05/2013,NaN
07/05/2013,1463
08/05/2013,1454
09/05/2013,1469.5
10/05/2013,1449.25
13/05/2013,1429.75
14/05/2013,1436.5
15/05/2013,1412.25
16/05/2013,1377
17/05/2013,1376.75
20/05/2013,1353.75
21/05/2013,1378.75
22/05/2013,1385.25
23/05/2013,1386
24/05/2013,1385.25
27/05/2013,NaN
28/05/2013,1379
29/05/2013,1384.5
30/05/2013,1406.25
31/05/2013,1410.25
03/06/2013,1396.75
04/06/2013,1405.25
05/06/2013,1396.5
06/06/2013,1399.5
07/06/2013,1410
10/06/2013,1376.75
11/06/2013,1369.5
12/06/2013,1377.25
13/06/2013,1386.25
14/06/2013,1379.75
17/06/2013,1386
18/06/2013,1378.5
19/06/2013,1366
20/06/2013,1303.25
21/06/2013,1290.25
24/06/2013,1283.25
25/06/2013,1285
26/06/2013,1229
27/06/2013,1232
28/06/2013,1203.25
01/07/2013,1243.5
02/07/2013,1260.75
03/07/2013,1246
04/07/2013,1249.5
05/07/2013,1232.75
08/07/2013,1225.5
09/07/2013,1252
10/07/2013,1252.25
11/07/2013,1280.75
12/07/2013,1275
15/07/2013,1281.25
16/07/2013,1286
17/07/2013,1284.25
18/07/2013,1279.75
19/07/2013,1286
22/07/2013,1313.75
23/07/2013,1326.75
24/07/2013,1340
25/07/2013,1312
26/07/2013,1327.75
29/07/2013,1330.75
30/07/2013,1322.25
31/07/2013,1331.5
01/08/2013,1323.75
02/08/2013,1285.75
05/08/2013,1311
06/08/2013,1292
07/08/2013,1275.5
08/08/2013,1287.75
09/08/2013,1305.5
12/08/2013,1325.75
13/08/2013,1334
14/08/2013,1323.25
15/08/2013,1339.5
16/08/2013,1360.75
19/08/2013,1375.25
20/08/2013,1365.75
21/08/2013,1360
22/08/2013,1370.5
23/08/2013,1374.5
26/08/2013,NaN
27/08/2013,1411
28/08/2013,1425.5
29/08/2013,1406.25
30/08/2013,1392.75
02/09/2013,1391.25
03/09/2013,1391.25
04/09/2013,1403.75
05/09/2013,1391.75
06/09/2013,1368.25
09/09/2013,1386
10/09/2013,1373
11/09/2013,1365.25
12/09/2013,1340.25
13/09/2013,1308.25
16/09/2013,1314.75
17/09/2013,1317.25
18/09/2013,1299.75
19/09/2013,1363.5
20/09/2013,1355.25
23/09/2013,1321.75
24/09/2013,1316.5
25/09/2013,1320.25
26/09/2013,1332.5
27/09/2013,1321.5
30/09/2013,1335.75
01/10/2013,1332.25
02/10/2013,1293.75
03/10/2013,1309
04/10/2013,1316
07/10/2013,1311
08/10/2013,1321
09/10/2013,1309.5
10/10/2013,1298
11/10/2013,1285.75
14/10/2013,1276
15/10/2013,1255.5
16/10/2013,1278.25
17/10/2013,1308.5
18/10/2013,1317
21/10/2013,1316
22/10/2013,1311.75
23/10/2013,1333
24/10/2013,1336.25
25/10/2013,1341.75
28/10/2013,1351
29/10/2013,1346.75
30/10/2013,1349.5
31/10/2013,1333.75
01/11/2013,1314.75
04/11/2013,1314.25
05/11/2013,1311.25
06/11/2013,1317
07/11/2013,1316
08/11/2013,1309
11/11/2013,1283.75
12/11/2013,1281
13/11/2013,1276
14/11/2013,1283.25
15/11/2013,1281.75
18/11/2013,1283.5
19/11/2013,1272.25
20/11/2013,1271.5
21/11/2013,1248.5
22/11/2013,1241.75
25/11/2013,1231.75
26/11/2013,1250.75
27/11/2013,1250.75
28/11/2013,1241.75
29/11/2013,1245.25
02/12/2013,1237.5
03/12/2013,1219
04/12/2013,1213
05/12/2013,1234
06/12/2013,1230.75
09/12/2013,1228.5
10/12/2013,1245.75
11/12/2013,1255.25
12/12/2013,1243.5
13/12/2013,1222.75
16/12/2013,1229.5
17/12/2013,1237.25
18/12/2013,1233.25
19/12/2013,1205.25
20/12/2013,1195
23/12/2013,1192.75
24/12/2013,1196.5
25/12/2013,NaN
26/12/2013,NaN
27/12/2013,1209.25
30/12/2013,1201.5
31/12/2013,1201.5
01/01/2014,NaN
02/01/2014,1219.75
03/01/2014,1232.25
06/01/2014,1238
07/01/2014,1237.5
08/01/2014,1226.5
09/01/2014,1226
10/01/2014,1232.25
13/01/2014,1246
14/01/2014,1248.75
15/01/2014,1238
16/01/2014,1237.25
17/01/2014,1241
20/01/2014,1254.75
21/01/2014,1247.75
22/01/2014,1239.5
23/01/2014,1244.25
24/01/2014,1259.25
27/01/2014,1270
28/01/2014,1253.5
29/01/2014,1254.75
30/01/2014,1254
31/01/2014,1246.5
03/02/2014,1246.5
04/02/2014,1253
05/02/2014,1257
06/02/2014,1258.5
07/02/2014,1260
10/02/2014,1273.5
11/02/2014,1282.75
12/02/2014,1286.5
13/02/2014,1290.25
14/02/2014,1308.5
17/02/2014,1326
18/02/2014,1314
19/02/2014,1318.75
20/02/2014,1313.75
21/02/2014,1320.75
24/02/2014,1333
25/02/2014,1332.75
26/02/2014,1340
27/02/2014,1331
28/02/2014,1327.75
03/03/2014,1344.25
04/03/2014,1339.5
05/03/2014,1333.5
06/03/2014,1334.25
07/03/2014,1348.25
10/03/2014,1334.25
11/03/2014,1348
12/03/2014,1355.75
13/03/2014,1371
14/03/2014,1370
17/03/2014,1379
18/03/2014,1362.5
19/03/2014,1346
20/03/2014,1327
21/03/2014,1338.5
24/03/2014,1322
25/03/2014,1314.75
26/03/2014,1314.5
27/03/2014,1295
28/03/2014,1295.75
31/03/2014,1294
01/04/2014,1286.5
02/04/2014,1284
03/04/2014,1287.25
04/04/2014,1293.5
07/04/2014,1299
08/04/2014,1314.75
09/04/2014,1309.75
10/04/2014,1321.5
11/04/2014,1317.25
14/04/2014,1324.5
15/04/2014,1311.5
16/04/2014,1299
17/04/2014,1299.25
18/04/2014,NaN
21/04/2014,NaN
22/04/2014,1290.75
23/04/2014,1283.5
24/04/2014,1283.5
25/04/2014,1294.25
28/04/2014,1302
29/04/2014,1289.75
30/04/2014,1292
01/05/2014,1283
02/05/2014,1285
05/05/2014,NaN
06/05/2014,1308.5
07/05/2014,1311
08/05/2014,1291.25
09/05/2014,1289
12/05/2014,1292.75
13/05/2014,1292.75
14/05/2014,1300.25
15/05/2014,1303.75
16/05/2014,1293.75
19/05/2014,1301
20/05/2014,1291.5
21/05/2014,1292
22/05/2014,1294.5
23/05/2014,1292
26/05/2014,NaN
27/05/2014,1283
28/05/2014,1265.25
29/05/2014,1254
30/05/2014,1254
02/06/2014,1244.75
03/06/2014,1244.25
04/06/2014,1246
05/06/2014,1244.75
06/06/2014,1254
09/06/2014,1255
10/06/2014,1253.5
11/06/2014,1262.5
12/06/2014,1261.75
13/06/2014,1273
16/06/2014,1281.75
17/06/2014,1264.5
18/06/2014,1269
19/06/2014,1282
20/06/2014,1310
23/06/2014,1313.5
24/06/2014,1323
25/06/2014,1312
26/06/2014,1311.5
27/06/2014,1315.25
30/06/2014,1313
01/07/2014,1325.75
02/07/2014,1326.75
03/07/2014,1322.5
04/07/2014,1321.5
07/07/2014,1313.25
08/07/2014,1318.25
09/07/2014,1322.5
10/07/2014,1343.25
11/07/2014,1336.5
14/07/2014,1321.25
15/07/2014,1312
16/07/2014,1297.5
17/07/2014,1302.75
18/07/2014,1310.25
21/07/2014,1312.75
22/07/2014,1307
23/07/2014,1307.5
24/07/2014,1300
25/07/2014,1292.5
28/07/2014,1305
29/07/2014,1307.5
30/07/2014,1297.5
31/07/2014,1295
01/08/2014,1284.5
04/08/2014,1293.5
05/08/2014,1292.75
06/08/2014,1288.5
07/08/2014,1302
08/08/2014,1317.5
11/08/2014,1308.25
12/08/2014,1311
13/08/2014,1309.25
14/08/2014,1315
15/08/2014,1313.6
18/08/2014,1302.75
19/08/2014,1300.25
20/08/2014,1294.5
21/08/2014,1280.5
22/08/2014,1281
25/08/2014,NaN
26/08/2014,1286.5
27/08/2014,1285
28/08/2014,1288
29/08/2014,1285.75
01/09/2014,1287.25
02/09/2014,1277.75
03/09/2014,1268.5
04/09/2014,1271
05/09/2014,1264
08/09/2014,1267.25
09/09/2014,1256
10/09/2014,1254.25
11/09/2014,1247
12/09/2014,1237.25
15/09/2014,1234.75
16/09/2014,1238.75
17/09/2014,1236.5
18/09/2014,1223
19/09/2014,1222.5
22/09/2014,1214
23/09/2014,1225
24/09/2014,1224
25/09/2014,1210.5
26/09/2014,1222.25
29/09/2014,1217.75
30/09/2014,1210
01/10/2014,1208.5
02/10/2014,1214.5
03/10/2014,1207.5
06/10/2014,1193.25
07/10/2014,1207.5
08/10/2014,1220
09/10/2014,1227.5
10/10/2014,1222.25
13/10/2014,1228
14/10/2014,1233
15/10/2014,1223.5
16/10/2014,1241
17/10/2014,1238
20/10/2014,1241
21/10/2014,1251.75
22/10/2014,1246.75
23/10/2014,1240.5
24/10/2014,1231.75
27/10/2014,1230.5
28/10/2014,1228.25
29/10/2014,1228
30/10/2014,1205.75
31/10/2014,1173.25
03/11/2014,1170.75
04/11/2014,1169.25
05/11/2014,1145.25
06/11/2014,1144.5
07/11/2014,1145
10/11/2014,1172
11/11/2014,1151.25
12/11/2014,1163.25
13/11/2014,1161
14/11/2014,1154
17/11/2014,1187
18/11/2014,1202
19/11/2014,1200.75
20/11/2014,1194
21/11/2014,1193.25
24/11/2014,1196
25/11/2014,1202.25
26/11/2014,1195.75
27/11/2014,1196.5
28/11/2014,1184.5
01/12/2014,1178.75
02/12/2014,1197
03/12/2014,1203.25
04/12/2014,1204
05/12/2014,1204.5
08/12/2014,1195.25
09/12/2014,1206.5
10/12/2014,1228.25
11/12/2014,1219.5
12/12/2014,1223.5
15/12/2014,1210.75
16/12/2014,1199.25
17/12/2014,1199
18/12/2014,1210.75
19/12/2014,1197.5
22/12/2014,1195.25
23/12/2014,1179.5
24/12/2014,1177
25/12/2014,NaN
26/12/2014,NaN
29/12/2014,1194
30/12/2014,1186.5
31/12/2014,1199.25
01/01/2015,NaN
02/01/2015,1184.25
05/01/2015,1192
06/01/2015,1211
07/01/2015,1213.75
08/01/2015,1206.5
09/01/2015,1211.25
12/01/2015,1222
13/01/2015,1239
14/01/2015,1228.75
15/01/2015,1235.25
16/01/2015,1258.25
19/01/2015,1275.5
20/01/2015,1292.25
21/01/2015,1298
22/01/2015,1287
23/01/2015,1293.5
26/01/2015,1282.75
27/01/2015,1279
28/01/2015,1287
29/01/2015,1275.5
30/01/2015,1263.5
02/02/2015,1274.25
03/02/2015,1281
04/02/2015,1269.25
05/02/2015,1263.75
06/02/2015,1264
09/02/2015,1242.25
10/02/2015,1237.5
11/02/2015,1235.5
12/02/2015,1225.25
13/02/2015,1225.75
16/02/2015,1233.5
17/02/2015,1221.75
18/02/2015,1206.5
19/02/2015,1217.75
20/02/2015,1203.5
23/02/2015,1193.5
24/02/2015,1195.5
25/02/2015,1206.5
26/02/2015,1220
27/02/2015,1205
02/03/2015,1216.75
03/03/2015,1207.75
04/03/2015,1204.25
05/03/2015,1199.75
06/03/2015,1196.5
09/03/2015,1173.75
10/03/2015,1161
11/03/2015,1158.75
12/03/2015,1161.25
13/03/2015,1156.5
16/03/2015,1157
17/03/2015,1154.75
18/03/2015,1149
19/03/2015,1164
20/03/2015,1171.75
23/03/2015,1181.4
24/03/2015,1193.25
25/03/2015,1192.55
26/03/2015,1209.4
27/03/2015,1198
30/03/2015,1187.4
31/03/2015,1179.25
01/04/2015,1181.25
02/04/2015,1201.5
03/04/2015,NaN
06/04/2015,NaN
07/04/2015,1208.5
08/04/2015,1211.1
09/04/2015,1196
10/04/2015,1201.9
13/04/2015,1197.85
14/04/2015,1191.45
15/04/2015,1189.85
16/04/2015,1204.6
17/04/2015,1204.55
20/04/2015,1203.25
21/04/2015,1197.7
22/04/2015,1202.4
23/04/2015,1187.75
24/04/2015,1192.15
27/04/2015,1182.75
28/04/2015,1201.4
29/04/2015,1204.8
30/04/2015,1204.3
01/05/2015,1179
04/05/2015,NaN
05/05/2015,1187.4
06/05/2015,1191.25
07/05/2015,1183
08/05/2015,1185.25
11/05/2015,1184.75
12/05/2015,1184.45
13/05/2015,1193
14/05/2015,1214.75
15/05/2015,1216.3
18/05/2015,1228.15
19/05/2015,1219.65
20/05/2015,1206.75
21/05/2015,1209.6
22/05/2015,1211
25/05/2015,NaN
26/05/2015,1194
27/05/2015,1187.85
28/05/2015,1189.45
29/05/2015,1190.4
01/06/2015,1187.3
02/06/2015,1188.75
03/06/2015,1186.6
04/06/2015,1182.45
05/06/2015,1175.9
08/06/2015,1173.4
09/06/2015,1181
10/06/2015,1186
11/06/2015,1180.5
12/06/2015,1179.25
15/06/2015,1178.25
16/06/2015,1182.1
17/06/2015,1178.5
18/06/2015,1198
19/06/2015,1198.15
22/06/2015,1193.7
23/06/2015,1183.35
24/06/2015,1175.75
25/06/2015,1174.6
26/06/2015,1174.4
29/06/2015,1176.5
30/06/2015,1175
01/07/2015,1171.7
02/07/2015,1164.3
03/07/2015,1168.25
06/07/2015,1164.25
07/07/2015,1166.25
08/07/2015,1154.25
09/07/2015,1162.1
10/07/2015,1162.4
13/07/2015,1154.95
14/07/2015,1153.2
15/07/2015,1154.75
16/07/2015,1145.1
17/07/2015,1143
20/07/2015,1115
21/07/2015,1108
22/07/2015,1096.8
23/07/2015,1101.65
24/07/2015,1083.75
27/07/2015,1098.6
28/07/2015,1095.6
29/07/2015,1096.75
30/07/2015,1085.65
31/07/2015,1080.05
03/08/2015,1093
04/08/2015,1092.6
05/08/2015,1086.5
06/08/2015,1085
07/08/2015,1091.35
10/08/2015,1094.8
11/08/2015,1113.25
12/08/2015,1116.8
13/08/2015,1117.35
14/08/2015,1116.75
17/08/2015,1117.3
18/08/2015,1119.15
19/08/2015,1123.2
20/08/2015,1137.95
21/08/2015,1149.35
24/08/2015,1153.5
25/08/2015,1154.25
26/08/2015,1134.4
27/08/2015,1128.5
28/08/2015,1125.5
31/08/2015,NaN
01/09/2015,1141.9
02/09/2015,1140
03/09/2015,1130.05
04/09/2015,1125
07/09/2015,1121
08/09/2015,1120.85
09/09/2015,1122.3
10/09/2015,1107.75
11/09/2015,1106.35
14/09/2015,1108
15/09/2015,1105.5
16/09/2015,1109.75
17/09/2015,1118.15
18/09/2015,1136
21/09/2015,1136.85
22/09/2015,1129.3
23/09/2015,1124.6
24/09/2015,1134.45
25/09/2015,1145.5
28/09/2015,1137.5
29/09/2015,1124.6
30/09/2015,1122.5
01/10/2015,1114.2
02/10/2015,1106.3
05/10/2015,1134.35
06/10/2015,1136.9
07/10/2015,1147.9
08/10/2015,1143.3
09/10/2015,1151.5
12/10/2015,1164.2
13/10/2015,1154.4
14/10/2015,1173.7
15/10/2015,1183.35
16/10/2015,1176.35
19/10/2015,1171.65
20/10/2015,1173.7
21/10/2015,1174.4
22/10/2015,1166.45
23/10/2015,1171.55
26/10/2015,1168.5
27/10/2015,1165.75
28/10/2015,1171.5
29/10/2015,1159
30/10/2015,1147.75
02/11/2015,1135.8
03/11/2015,1130.9
04/11/2015,1118
05/11/2015,1107.3
06/11/2015,1107.7
09/11/2015,1095.6
10/11/2015,1092.5
11/11/2015,1088.6
12/11/2015,1087.6
13/11/2015,1083.75
16/11/2015,1094.5
17/11/2015,1080.8
18/11/2015,1070.5
19/11/2015,1073.1
20/11/2015,1085.15
23/11/2015,1068.35
24/11/2015,1073
25/11/2015,1072.2
26/11/2015,1070.5
27/11/2015,1064.65
30/11/2015,1055.65
01/12/2015,1069.25
02/12/2015,1066.9
03/12/2015,1050.6
04/12/2015,1063
07/12/2015,1082.7
08/12/2015,1071.75
09/12/2015,1078.4
10/12/2015,1072
11/12/2015,1067.2
14/12/2015,1068
15/12/2015,1069.15
16/12/2015,1065.75
17/12/2015,1065.85
18/12/2015,1055.25
21/12/2015,1071.15
22/12/2015,1077
23/12/2015,1071.5
24/12/2015,1071.9
25/12/2015,NaN
28/12/2015,NaN
29/12/2015,1067.25
30/12/2015,1067.8
31/12/2015,1062.25
01/01/2016,NaN
04/01/2016,1072.7
05/01/2016,1078
06/01/2016,1083.85
07/01/2016,1096
08/01/2016,1097.45
11/01/2016,1104.7
12/01/2016,1094.85
13/01/2016,1081.8
14/01/2016,1090.75
15/01/2016,1081.1
18/01/2016,1090.45
19/01/2016,1087
20/01/2016,1093.2
21/01/2016,1096.8
22/01/2016,1097.65
25/01/2016,1103.7
26/01/2016,1114.7
27/01/2016,1116.5
28/01/2016,1119
29/01/2016,1112.9
01/02/2016,1122
02/02/2016,1123.6
03/02/2016,1130
04/02/2016,1146.25
05/02/2016,1158.5
08/02/2016,1173.4
09/02/2016,1188.9
10/02/2016,1183.4
11/02/2016,1223.25
12/02/2016,1239.5
15/02/2016,1208.45
16/02/2016,1212
17/02/2016,1202.4
18/02/2016,1204.4
19/02/2016,1221.5
22/02/2016,1203.65
23/02/2016,1218.75
24/02/2016,1232.25
25/02/2016,1235.4
26/02/2016,1231
29/02/2016,1234.15
01/03/2016,1240
02/03/2016,1229.35
03/03/2016,1241.95
04/03/2016,1271.5
07/03/2016,1267.6
08/03/2016,1274.1
09/03/2016,1258.25
10/03/2016,1247.25
11/03/2016,1262.25
14/03/2016,1256.55
15/03/2016,1233.6
16/03/2016,1233.1
17/03/2016,1269.6
18/03/2016,1254.5
21/03/2016,1244.25
22/03/2016,1251.8
23/03/2016,1232.2
24/03/2016,1216.45
25/03/2016,NaN
28/03/2016,NaN
29/03/2016,1216.45
30/03/2016,1238.2
31/03/2016,1233.6
01/04/2016,1232.1
04/04/2016,1215
05/04/2016,1231.5
06/04/2016,1225.75
07/04/2016,1237.5
08/04/2016,1235
11/04/2016,1247.25
12/04/2016,1259.2
13/04/2016,1245.75
14/04/2016,1240.3
15/04/2016,1229.75
18/04/2016,1237.7
19/04/2016,1241.7
20/04/2016,1247.75
21/04/2016,1257.65
22/04/2016,1245.4
25/04/2016,1230.85
26/04/2016,1234.5
27/04/2016,1244.75
28/04/2016,1256.6
29/04/2016,1274.5
02/05/2016,NaN
03/05/2016,1296.5
04/05/2016,1280.3
05/05/2016,1275.75
06/05/2016,1280.25
09/05/2016,1277.75
10/05/2016,1264.85
11/05/2016,1271.8
12/05/2016,1268.3
13/05/2016,1275.15
16/05/2016,1281
17/05/2016,1270.1
18/05/2016,1270.9
19/05/2016,1253.75
20/05/2016,1256.5
23/05/2016,1250.4
24/05/2016,1242.65
25/05/2016,1220.75
26/05/2016,1226.65
27/05/2016,1221.25
30/05/2016,NaN
31/05/2016,1210.5
01/06/2016,1216.25
02/06/2016,1215.5
03/06/2016,1211
06/06/2016,1240.55
07/06/2016,1241.1
08/06/2016,1252.4
09/06/2016,1258.35
10/06/2016,1266.6
13/06/2016,1284.1
14/06/2016,1279.4
15/06/2016,1282
16/06/2016,1307
17/06/2016,1284.5
20/06/2016,1283.25
21/06/2016,1280.8
22/06/2016,1265
23/06/2016,1265.75
24/06/2016,1313.85
27/06/2016,1324.6
28/06/2016,1312
29/06/2016,1317.75
30/06/2016,1317
01/07/2016,1331.75
04/07/2016,1348.75
05/07/2016,1344.75
06/07/2016,1370
07/07/2016,1367.1
08/07/2016,1356.1
11/07/2016,1358.25
12/07/2016,1352.85
13/07/2016,1340.25
14/07/2016,1325.7
15/07/2016,1330.5
18/07/2016,1326.15
19/07/2016,1332.2
20/07/2016,1325.6
21/07/2016,1322
22/07/2016,1323.2
25/07/2016,1315
26/07/2016,1321.25
27/07/2016,1320.8
28/07/2016,1341.3
29/07/2016,1332.5
01/08/2016,1348.85
02/08/2016,1358.15
03/08/2016,1364.4
04/08/2016,1351.15
05/08/2016,1362.6
08/08/2016,1330
09/08/2016,1332.9
10/08/2016,1351.85
11/08/2016,1344.55
12/08/2016,1336.7
15/08/2016,1339.2
16/08/2016,1349.1
17/08/2016,1342.75
18/08/2016,1347.1
19/08/2016,1346.85
22/08/2016,1334.3
23/08/2016,1338.5
24/08/2016,1337.3
25/08/2016,1324.5
26/08/2016,1324.9
29/08/2016,NaN
30/08/2016,1318.85
31/08/2016,1314.45
01/09/2016,1305.7
02/09/2016,1311.5
05/09/2016,1328.3
06/09/2016,1330.05
07/09/2016,1348.75
08/09/2016,1348
09/09/2016,1335.65
12/09/2016,1327.5
13/09/2016,1328.5
14/09/2016,1323.2
15/09/2016,1320.1
16/09/2016,1314.25
19/09/2016,1315.05
20/09/2016,1315.4
21/09/2016,1319.6
22/09/2016,1332.45
23/09/2016,1335.9
26/09/2016,1336.3
27/09/2016,1335.85
28/09/2016,1324.8
29/09/2016,1320.85
30/09/2016,1327.9
03/10/2016,1318.65
04/10/2016,1309.15
05/10/2016,1274
06/10/2016,1265.5
07/10/2016,1255
10/10/2016,1262.1
11/10/2016,1256.4
12/10/2016,1255.7
13/10/2016,1258
14/10/2016,1256.15
17/10/2016,1252.7
18/10/2016,1261.65
19/10/2016,1269.75
20/10/2016,1269.2
21/10/2016,1263.95
24/10/2016,1267
25/10/2016,1269.3
26/10/2016,1273.9
27/10/2016,1269.3
28/10/2016,1265.9
31/10/2016,1274.2
01/11/2016,1284.4
02/11/2016,1295.85
03/11/2016,1293
04/11/2016,1301.7
07/11/2016,1286.8
08/11/2016,1284
09/11/2016,1304.55
10/11/2016,1280.9
11/11/2016,1255.65
14/11/2016,1222.6
15/11/2016,1228.9
16/11/2016,1225.7
17/11/2016,1232
18/11/2016,1206.1
21/11/2016,1214.95
22/11/2016,1217.55
23/11/2016,1213.25
24/11/2016,1187.25
25/11/2016,1187.5
28/11/2016,1189.1
29/11/2016,1187.3
30/11/2016,1187.4
01/12/2016,1168.75
02/12/2016,1171.65
05/12/2016,1164.9
06/12/2016,1171.15
07/12/2016,1171.25
08/12/2016,1174.75
09/12/2016,1168.9
12/12/2016,1154.4
13/12/2016,1157.35
14/12/2016,1160.95
15/12/2016,1132.45
16/12/2016,1134.85
19/12/2016,1137.6
20/12/2016,1132.75
21/12/2016,1134.4
22/12/2016,1130.55
23/12/2016,1131
26/12/2016,NaN
27/12/2016,NaN
28/12/2016,1139.75
29/12/2016,1146.8
30/12/2016,1159.1
02/01/2017,NaN
03/01/2017,1148.65
04/01/2017,1165.9
05/01/2017,1173.05
06/01/2017,1178
09/01/2017,1176.1
10/01/2017,1183.2
11/01/2017,1187.55
12/01/2017,1206.65
13/01/2017,1196.35
16/01/2017,1202.75
17/01/2017,1217.5
18/01/2017,1212.5
19/01/2017,1203.35
20/01/2017,1199.1
23/01/2017,1213.75
24/01/2017,1213.3
25/01/2017,1203.5
26/01/2017,1191.55
27/01/2017,1184.2
30/01/2017,1189.85
31/01/2017,1198.8
01/02/2017,1210
02/02/2017,1224.05
03/02/2017,1213.05
06/02/2017,1221.85
07/02/2017,1231
08/02/2017,1235.6
09/02/2017,1241.75
10/02/2017,1225.75
13/02/2017,1229.4
14/02/2017,1229.65
15/02/2017,1225.15
16/02/2017,1236.75
17/02/2017,1241.4
20/02/2017,1235.35
21/02/2017,1228.7
22/02/2017,1237.5
23/02/2017,1237.35
24/02/2017,1255.35
27/02/2017,1256.25
28/02/2017,1251.9
01/03/2017,1246.05
02/03/2017,1243.3
03/03/2017,1228.75
06/03/2017,1231.15
07/03/2017,1223.7
08/03/2017,1213.3
09/03/2017,1204.6
10/03/2017,1196.55
13/03/2017,1207.8
14/03/2017,1203.55
15/03/2017,1202.25
16/03/2017,1225.6
17/03/2017,1228.75
20/03/2017,1233
21/03/2017,1232.05
22/03/2017,1246.1
23/03/2017,1247.9
24/03/2017,1244
27/03/2017,1256.9
28/03/2017,1253.65
29/03/2017,1252.9
30/03/2017,1250.9
31/03/2017,1241.7
03/04/2017,1246.25
04/04/2017,1258.65
05/04/2017,1252.5
06/04/2017,1253.75
07/04/2017,1264.3
10/04/2017,1253.6
11/04/2017,1255.7
12/04/2017,1272.3
13/04/2017,1286.1
14/04/2017,NaN
17/04/2017,NaN
18/04/2017,1285
19/04/2017,1282.05
20/04/2017,1279.9
21/04/2017,1281.5
24/04/2017,1271.8
25/04/2017,1270.5
26/04/2017,1264.95
27/04/2017,1264.3
28/04/2017,1265.55
01/05/2017,NaN
02/05/2017,1255.8
03/05/2017,1253.95
04/05/2017,1235.85
05/05/2017,1239.4
08/05/2017,1229.7
09/05/2017,1225.15
10/05/2017,1222.95
11/05/2017,1221
12/05/2017,1227.9
15/05/2017,1231.5
16/05/2017,1234.05
17/05/2017,1244.6
18/05/2017,1261.35
19/05/2017,1251.85
22/05/2017,1255.25
23/05/2017,1259.9
24/05/2017,1251.35
25/05/2017,1257.1
26/05/2017,1265
29/05/2017,NaN
30/05/2017,1262.8
31/05/2017,1263.8
01/06/2017,1266.15
02/06/2017,1260.95
05/06/2017,1280.7
06/06/2017,1287.85
07/06/2017,1292.7
08/06/2017,1284.8
09/06/2017,1274.25
12/06/2017,1269.25
13/06/2017,1261.3
14/06/2017,1268.25
15/06/2017,1260.25
16/06/2017,1256.6
19/06/2017,1251.1
20/06/2017,1246.5
21/06/2017,1247.05
22/06/2017,1251.4
23/06/2017,1256.3
26/06/2017,1240.85
27/06/2017,1250.4
28/06/2017,1251.6
29/06/2017,1246.6
30/06/2017,1243.25
03/07/2017,1235.2
04/07/2017,1224.25
05/07/2017,1221.9
06/07/2017,1224.3
07/07/2017,1220.4
10/07/2017,1207.55
11/07/2017,1211.9
12/07/2017,1219.4
13/07/2017,1221.4
14/07/2017,1218.95
17/07/2017,1229.85
18/07/2017,1237.1
19/07/2017,1239.85
20/07/2017,1236.55
21/07/2017,1247.25
24/07/2017,1255.85
25/07/2017,1252
26/07/2017,1245.4
27/07/2017,1262.05
28/07/2017,1259.6
31/07/2017,1266.35
01/08/2017,1267.05
02/08/2017,1266.65
03/08/2017,1261.8
04/08/2017,1269.3
07/08/2017,1257.55
08/08/2017,1261.45
09/08/2017,1267.95
10/08/2017,1278.9
11/08/2017,1288.3
14/08/2017,1281.1
15/08/2017,NaN
16/08/2017,1270.15
17/08/2017,1285.9
18/08/2017,1295.25
21/08/2017,1287.6
22/08/2017,1285.1
23/08/2017,1286.45
24/08/2017,1285.9
25/08/2017,1287.05
28/08/2017,NaN
29/08/2017,1323.4
30/08/2017,1310.6
31/08/2017,1305.8
01/09/2017,1318.4
04/09/2017,1334.6
05/09/2017,1331.15
06/09/2017,1340.15
07/09/2017,1340.45
08/09/2017,1350.9
11/09/2017,1338.75
12/09/2017,1326.25
13/09/2017,1332.25
14/09/2017,1323
15/09/2017,1325
18/09/2017,1314.4
19/09/2017,1308.45
20/09/2017,1314.9
21/09/2017,1297.35
22/09/2017,1297
25/09/2017,1295.5
26/09/2017,1306.9
27/09/2017,1291.3
28/09/2017,1284.3
29/09/2017,1286.95
02/10/2017,1273.1
03/10/2017,1270.7
04/10/2017,1275.55
05/10/2017,1278.4
06/10/2017,1268.2
09/10/2017,1282.15
10/10/2017,1289.6
11/10/2017,1290.2
12/10/2017,1294.45
13/10/2017,1293.9
16/10/2017,1305.15
17/10/2017,1289.7
18/10/2017,1280.65
19/10/2017,1283.4
20/10/2017,1280.25
23/10/2017,1275.25
24/10/2017,1278.3
25/10/2017,1273
26/10/2017,1278
27/10/2017,1267.8
30/10/2017,1272.75
31/10/2017,1274.4
01/11/2017,1279.25
02/11/2017,1276.4
03/11/2017,1275.3
06/11/2017,1271.6
07/11/2017,1276.35
08/11/2017,1282.25
09/11/2017,1284
10/11/2017,1284.45
13/11/2017,1278.4
14/11/2017,1273.7
15/11/2017,1285.7
16/11/2017,1277.7
17/11/2017,1283.85
20/11/2017,1292.35
21/11/2017,1280
22/11/2017,1283.95
23/11/2017,1290.15
24/11/2017,1289.15
27/11/2017,1294.7
28/11/2017,1293.9
29/11/2017,1294.85
30/11/2017,1282.15
01/12/2017,1277.25
04/12/2017,1279.1
05/12/2017,1275.9
06/12/2017,1268.55
07/12/2017,1256.8
08/12/2017,1245.85
11/12/2017,1251.4
12/12/2017,1243.4
13/12/2017,1241.6
14/12/2017,1255.6
15/12/2017,1257.25
18/12/2017,1258.65
19/12/2017,1263.1
20/12/2017,1265.95
21/12/2017,1265.85
22/12/2017,1268.05
25/12/2017,NaN
26/12/2017,NaN
27/12/2017,1285.4
28/12/2017,1291.6
29/12/2017,1296.5
01/01/2018,NaN
02/01/2018,1312.8
03/01/2018,1314.6
04/01/2018,1313.7
05/01/2018,1317.9
08/01/2018,1318.8
09/01/2018,1314.95
10/01/2018,1321.65
11/01/2018,1319.85
12/01/2018,1332.9
15/01/2018,1343
16/01/2018,1334.95
17/01/2018,1337.35
18/01/2018,1329.75
19/01/2018,1335.8
22/01/2018,1334.15
23/01/2018,1337.1
24/01/2018,1350.5
25/01/2018,1360.25
26/01/2018,1354.35
29/01/2018,1348.4
30/01/2018,1345.7
31/01/2018,1343.35
01/02/2018,1341.1
02/02/2018,1345
05/02/2018,1337.1
06/02/2018,1344.65
07/02/2018,1328.5
08/02/2018,1311.05
09/02/2018,1316.05
12/02/2018,1321.7
13/02/2018,1329.4
14/02/2018,1330.75
15/02/2018,1353.7
16/02/2018,1358.6
19/02/2018,1347.4
20/02/2018,1337.4
21/02/2018,1328.6
22/02/2018,1323.5
23/02/2018,1328.9
26/02/2018,1339.05
27/02/2018,1332.75
28/02/2018,1320.3
01/03/2018,1311.25
02/03/2018,1316.75
05/03/2018,1326.3
06/03/2018,1324.95
07/03/2018,1332.5
08/03/2018,1325.4
09/03/2018,1319.35
12/03/2018,1317.25
13/03/2018,1318.7
14/03/2018,1324.95
15/03/2018,1323.35
16/03/2018,1320.05
19/03/2018,1311.7
20/03/2018,1312.75
21/03/2018,1316.35
22/03/2018,1328.85
23/03/2018,1342.35
26/03/2018,1348.4
27/03/2018,1350.65
28/03/2018,1341.05
29/03/2018,1323.9
30/03/2018,NaN
02/04/2018,NaN
03/04/2018,1336.6
04/04/2018,1343.15
05/04/2018,1327.05
06/04/2018,1325.6
09/04/2018,1328.5
10/04/2018,1335.95
11/04/2018,1345.2
12/04/2018,1345.9
13/04/2018,1340.75
16/04/2018,1344.4
17/04/2018,1342.95
18/04/2018,1346.55
19/04/2018,1347.9
20/04/2018,1340.15
23/04/2018,1328
24/04/2018,1327.35
25/04/2018,1325.7
26/04/2018,1321.9
27/04/2018,1317.7
30/04/2018,1316.25
01/05/2018,1309.2
02/05/2018,1310.75
03/05/2018,1313.3
04/05/2018,1309.35
07/05/2018,NaN
08/05/2018,1310.05
09/05/2018,1306.85
10/05/2018,1314.8
11/05/2018,1324.8
14/05/2018,1320.7
15/05/2018,1310.05
16/05/2018,1291.75
17/05/2018,1288.85
18/05/2018,1287.2
21/05/2018,1285.85
22/05/2018,1293.9
23/05/2018,1294
24/05/2018,1296.35
25/05/2018,1303.95
28/05/2018,NaN
29/05/2018,1302.05
30/05/2018,1298.6
31/05/2018,1303.5
01/06/2018,1299.15
04/06/2018,1294.65
05/06/2018,1292.25
06/06/2018,1295.25
07/06/2018,1298.3
08/06/2018,1299.2
11/06/2018,1296.05
12/06/2018,1298.3
13/06/2018,1294.4
14/06/2018,1305.3
15/06/2018,1300.1
18/06/2018,1281.25
19/06/2018,1279
20/06/2018,1273.25
21/06/2018,1263.7
22/06/2018,1269.7
25/06/2018,1269.8
26/06/2018,1257.15
27/06/2018,1256.8
28/06/2018,1250.5
29/06/2018,1250.55
02/07/2018,1249
03/07/2018,1245.85
04/07/2018,1256.9
05/07/2018,1252.5
06/07/2018,1254.2
09/07/2018,1262.6
10/07/2018,1253.7
11/07/2018,1250
12/07/2018,1244.85
13/07/2018,1240.5
16/07/2018,1244.9
17/07/2018,1243.65
18/07/2018,1223.45
19/07/2018,1217.4
20/07/2018,1224.85
23/07/2018,1229.45
24/07/2018,1224.3
25/07/2018,1230.55
26/07/2018,1228.35
27/07/2018,1219.15
30/07/2018,1222.05
31/07/2018,1219.2
01/08/2018,1222.75
02/08/2018,1217.6
03/08/2018,1207.7
06/08/2018,1212
07/08/2018,1215.4
08/08/2018,1212.35
09/08/2018,1215.5
10/08/2018,1211.65
13/08/2018,1204.4
14/08/2018,1195.3
15/08/2018,1186.7
16/08/2018,1179.65
17/08/2018,1176.7
20/08/2018,1188.75
21/08/2018,1194.1
22/08/2018,1196.85
23/08/2018,1187.3
24/08/2018,1189.95
27/08/2018,NaN
28/08/2018,1212.75
29/08/2018,1204.3
30/08/2018,1202.35
31/08/2018,1206.85
03/09/2018,1201.7
04/09/2018,1195.75
05/09/2018,1194.7
06/09/2018,1204.3
07/09/2018,1200.75
10/09/2018,1195.8
11/09/2018,1194
12/09/2018,1197.8
13/09/2018,1206.65
14/09/2018,1206.2
17/09/2018,1196.8
18/09/2018,1199.4
19/09/2018,1203
20/09/2018,1203
21/09/2018,1207.6
24/09/2018,1198.75
25/09/2018,1199.45
26/09/2018,1198.8
27/09/2018,1196
28/09/2018,1183.5
01/10/2018,1185.3
02/10/2018,1192.65
03/10/2018,1203.5
04/10/2018,1199.45
05/10/2018,1201.1
08/10/2018,1194.8
09/10/2018,1187.4
10/10/2018,1186.4
11/10/2018,1201.1
12/10/2018,1218.75
15/10/2018,1233
16/10/2018,1228.85
17/10/2018,1226.75
18/10/2018,1224.6
19/10/2018,1228.25
22/10/2018,1222.9
23/10/2018,1235.6
24/10/2018,1231.65
25/10/2018,1232.15
26/10/2018,1236.05
29/10/2018,1230.75
30/10/2018,1220
31/10/2018,1217.7
01/11/2018,1223.25
02/11/2018,1235.5
05/11/2018,1231.6
06/11/2018,1234.85
07/11/2018,1235.05
08/11/2018,1223.45
09/11/2018,1219.05
12/11/2018,1207.05
13/11/2018,1197.55
14/11/2018,1201.45
15/11/2018,1210.6
16/11/2018,1215.8
19/11/2018,1223.55
20/11/2018,1223.1
21/11/2018,1224
22/11/2018,1228.25
23/11/2018,1222.15
26/11/2018,1226.65
27/11/2018,1225.05
28/11/2018,1213.2
29/11/2018,1226.45
30/11/2018,1220.45
03/12/2018,1231.05
04/12/2018,1239.25
05/12/2018,1236.15
06/12/2018,1236.45
07/12/2018,1241.2
10/12/2018,1246.8
11/12/2018,1248.25
12/12/2018,1244.75
13/12/2018,1244.45
14/12/2018,1239.15
17/12/2018,1239.1
18/12/2018,1248.8
19/12/2018,1248.6
20/12/2018,1255
21/12/2018,1257.6
24/12/2018,1261.25
25/12/2018,NaN
26/12/2018,NaN
27/12/2018,1271.1
28/12/2018,1277.25
31/12/2018,1281.65
01/01/2019,NaN
02/01/2019,1287.2
03/01/2019,1287.95
04/01/2019,1290.35
07/01/2019,1291.5
08/01/2019,1283.9
09/01/2019,1281.3
10/01/2019,1292.4
11/01/2019,1292.8
14/01/2019,1293.7
15/01/2019,1289.35
16/01/2019,1290.5
17/01/2019,1294
18/01/2019,1285.05
21/01/2019,1278.7
22/01/2019,1284.75
23/01/2019,1284.9
24/01/2019,1279.75
25/01/2019,1282.95
28/01/2019,1301
29/01/2019,1308.35
30/01/2019,1312.95
31/01/2019,1322.5
01/02/2019,1320.75
04/02/2019,1311
05/02/2019,1314
06/02/2019,1313.35
07/02/2019,1306.6
08/02/2019,1311.1
11/02/2019,1306.75
12/02/2019,1311.6
13/02/2019,1311.15
14/02/2019,1305.65
15/02/2019,1318
18/02/2019,1323.95
19/02/2019,1329.55
20/02/2019,1345.75
21/02/2019,1335.05
22/02/2019,1322.25
25/02/2019,1329.15
26/02/2019,1327.55
27/02/2019,1326.45
28/02/2019,1325.45
01/03/2019,1309.95
04/03/2019,1287.45
05/03/2019,1285
06/03/2019,1285.55
07/03/2019,1286.4
08/03/2019,1294.1
11/03/2019,1296.35
12/03/2019,1296.95
13/03/2019,1308.4
14/03/2019,1299.2
15/03/2019,1302.65
18/03/2019,1305.35
19/03/2019,1308.35
20/03/2019,1303
21/03/2019,1317.3
22/03/2019,1311.1
25/03/2019,1319.35
26/03/2019,1315.25
27/03/2019,1318.25
28/03/2019,1306.9
29/03/2019,1291.15
01/04/2019,1291.9
02/04/2019,1287.2
03/04/2019,1291.85
04/04/2019,1291.6
05/04/2019,1288.9
08/04/2019,1297.1
09/04/2019,1301.85
10/04/2019,1304.8
11/04/2019,1304.65
12/04/2019,1296.15
15/04/2019,1286.75
16/04/2019,1283.75
17/04/2019,1276.1
18/04/2019,1276.5
19/04/2019,NaN
22/04/2019,NaN
23/04/2019,1273.45
24/04/2019,1273.8
25/04/2019,1277.85
26/04/2019,1281.5
29/04/2019,1282.15
30/04/2019,1285.15
01/05/2019,1281.8
02/05/2019,1271.45
03/05/2019,1270.05
06/05/2019,NaN
07/05/2019,1281.3
08/05/2019,1287.75
09/05/2019,1284.1
10/05/2019,1285.4
13/05/2019,1282.95
14/05/2019,1297.6
15/05/2019,1298.9
16/05/2019,1295.55
17/05/2019,1285.8
20/05/2019,1275.25
21/05/2019,1276
22/05/2019,1274
23/05/2019,1275.95
24/05/2019,1281.5
27/05/2019,NaN
28/05/2019,1283.9
29/05/2019,1283.5
30/05/2019,1276.45
31/05/2019,1296
03/06/2019,1313.95
04/06/2019,1323.6
05/06/2019,1337.75
06/06/2019,1336.65
07/06/2019,1334.3
10/06/2019,1328.6
11/06/2019,1322.65
12/06/2019,1336.65
13/06/2019,1335.8
14/06/2019,1352.45
17/06/2019,1333.2
18/06/2019,1344.55
19/06/2019,1342.4
20/06/2019,1381.65
21/06/2019,1388.35
24/06/2019,1405.45
25/06/2019,1429.55
26/06/2019,1406.75
27/06/2019,1402.25
28/06/2019,1413.2
01/07/2019,1390.05
02/07/2019,1393.1
03/07/2019,1425.1
04/07/2019,1415.25
05/07/2019,1414.4
08/07/2019,1404.9
09/07/2019,1387.9
10/07/2019,1395.45
11/07/2019,1423.1
12/07/2019,1405.6
15/07/2019,1416.25
16/07/2019,1416.1
17/07/2019,1400.8
18/07/2019,1420.9
19/07/2019,1437.05
22/07/2019,1424.45
23/07/2019,1417.55
24/07/2019,1425.55
25/07/2019,1426.35
26/07/2019,1418.25
29/07/2019,1418.95
30/07/2019,1428.45
31/07/2019,1430.55
01/08/2019,1406.4
02/08/2019,1436.05
05/08/2019,1457.45
06/08/2019,1461.85
07/08/2019,1487.65
08/08/2019,1497.4
09/08/2019,1503.5
12/08/2019,1501.95
13/08/2019,1527.2
14/08/2019,1500.35
15/08/2019,1517.65
16/08/2019,1509.05
19/08/2019,1499.35
20/08/2019,1502.65
21/08/2019,1499.65
22/08/2019,1498.7
23/08/2019,1495.5
26/08/2019,NaN
27/08/2019,1531.85
28/08/2019,1541.75
29/08/2019,1536.65
30/08/2019,1526.55
02/09/2019,1523.35
03/09/2019,1532.45
04/09/2019,1538.8
05/09/2019,1542.6
06/09/2019,1504.95
09/09/2019,1509.95
10/09/2019,1494.6
11/09/2019,1493.65
12/09/2019,1502.95
13/09/2019,1506.3
16/09/2019,1502.05
17/09/2019,1499.3
18/09/2019,1502.2
19/09/2019,1498.4
20/09/2019,1504.1
23/09/2019,1519.5
24/09/2019,1520.25
25/09/2019,1530.85
26/09/2019,1507.05
27/09/2019,1496.15
30/09/2019,1487.6
01/10/2019,1466.1
02/10/2019,1484.05
03/10/2019,1504
04/10/2019,1509.5
07/10/2019,1502.15
08/10/2019,1500
09/10/2019,1503.4
10/10/2019,1508.2
11/10/2019,1498.35
14/10/2019,1494.2
15/10/2019,1494.75
16/10/2019,1482.55
17/10/2019,1484.45
18/10/2019,NaN
21/10/2019,1490.85
22/10/2019,1487.45
23/10/2019,1494.25
24/10/2019,1488.85
25/10/2019,1504.65
28/10/2019,1505.05
29/10/2019,1492.75
30/10/2019,1490.15
31/10/2019,1506.4
01/11/2019,1509.85
04/11/2019,1509.2
05/11/2019,1504.6
06/11/2019,1488.55
07/11/2019,1484.1
08/11/2019,1466.85
11/11/2019,1465.5
12/11/2019,1455
13/11/2019,1463.45
14/11/2019,1467.65
15/11/2019,1465.6
18/11/2019,1458.4
19/11/2019,1464.9
20/11/2019,1475.7
21/11/2019,1468.9
22/11/2019,1471.3
25/11/2019,1459.45
26/11/2019,1457.65
27/11/2019,1459.8
28/11/2019,1457.55
29/11/2019,1456.35
02/12/2019,1457.5
03/12/2019,1470.4
04/12/2019,1475.85
05/12/2019,1474.6
06/12/2019,1474.85
09/12/2019,1463.6
10/12/2019,1464.45
11/12/2019,1468.05
12/12/2019,1474.7
13/12/2019,1470.6
16/12/2019,1477.4
17/12/2019,1478.4
18/12/2019,1478.9
19/12/2019,1474.4
20/12/2019,1476.9
23/12/2019,1483.95
24/12/2019,1490.85
25/12/2019,NaN
26/12/2019,NaN
27/12/2019,1510.6
30/12/2019,1511.5
31/12/2019,1523
01/01/2020,NaN
02/01/2020,1520.55
03/01/2020,1547.4
06/01/2020,1576.85
07/01/2020,1566.5
08/01/2020,1582.85
09/01/2020,1547.85
10/01/2020,1548.8
13/01/2020,1550.35
14/01/2020,1544.95
15/01/2020,1551.9
16/01/2020,1555.2
17/01/2020,1556.5
20/01/2020,1559.25
21/01/2020,1556.25
22/01/2020,1558.1
23/01/2020,1554.05
24/01/2020,1561.85
27/01/2020,1583.45
28/01/2020,1579.6
29/01/2020,1571.2
30/01/2020,1580.4
31/01/2020,1580.85
03/02/2020,1578.85
04/02/2020,1571.2
05/02/2020,1552.2
06/02/2020,1564.75
07/02/2020,NaN
10/02/2020,1574.05
11/02/2020,1567.7
12/02/2020,1566.75
13/02/2020,1575
14/02/2020,1576.35
17/02/2020,1580.3
18/02/2020,1588.2
19/02/2020,1609.5
20/02/2020,1610.35
21/02/2020,1633.7
24/02/2020,1682.35
25/02/2020,1655.9
26/02/2020,1647.95
27/02/2020,1646.6
28/02/2020,1626.35
02/03/2020,1609.7
03/03/2020,1599.05
04/03/2020,1644.8
05/03/2020,1647.45
06/03/2020,1687
09/03/2020,1676.6
10/03/2020,1657.4
11/03/2020,1662.5
12/03/2020,1636.65
13/03/2020,1588.15
16/03/2020,1504.65
17/03/2020,1472.35
18/03/2020,1506
19/03/2020,1480.7
20/03/2020,1504.45
23/03/2020,1494.5
24/03/2020,1599.5
25/03/2020,1620.95
26/03/2020,1620.1
27/03/2020,1621.2
30/03/2020,1624.45
31/03/2020,1604.65
01/04/2020,1594.25
